"Variable / Field Name","Form Name","Section Header","Field Type","Field Label","Choices, Calculations, OR Slider Labels","Field Note","Text Validation Type OR Show Slider Number","Text Validation Min","Text Validation Max",Identifier?,"Branching Logic (Show field only if...)","Required Field?","Custom Alignment","Question Number (surveys only)","Matrix Group Name","Matrix Ranking?","Field Annotation"
malaria_collectdate,malaria_exposure_and_treatment,,text,"Collection date for malaria information:",,DD-MM-YYYY,date_dmy,,,,,y,,,,," @ONTOLOGY='NCIT:C81286'"
malaria_region,malaria_exposure_and_treatment,"<p style=""text-align: left; font-size: 14pt;font-style: Calibri;""><strong>MALARIA EXPOSURE</strong></p>",yesno,"Does the participant live in a malaria endemic region?",,,,,,,,y,,,,,
malaria_net_insecticide,malaria_exposure_and_treatment,,radio,"How often does the participant use a mosquito net or insecticide?","1, Consistently | 2, Intermittently | 3, Rarely",,,,,,[malaria]='1',y,,,,," @ONTOLOGY='SCDO:0000709'"
malaria_prophylaxis,malaria_exposure_and_treatment,"<p style=""text-align: left; font-size: 14pt;font-style: Calibri;""><strong>MALARIA CONTROL</strong></p>",yesno,"Has the participant previously taken malaria chemoprohylaxis?",,,,,,,,y,,,,," @ONTOLOGY='SCDO:1000600'"
malaria_prophylaxis_type,malaria_exposure_and_treatment,,checkbox,"(If Yes) What type of malaria chemoprophylaxis was taken?","1, Atovaquone-Proguaril | 2, Chloroquine | 3, Doxycycline | 4, Mefloquine | 5, Primaquine | 777, Other",,,,,,[malaria_prophylaxis]='1',y,,,,," @ONTOLOGY='SCDO:1000600'"
malaria_prophylaxis_other,malaria_exposure_and_treatment,,text,"(If Other) Specify other malaria chemoprophylaxis taken:",,,,,,,[malaria_prophylaxis_type]='777',y,,,,," @ONTOLOGY='SCDO:1000600'"
malaria_tx_previous,malaria_exposure_and_treatment,"<p style=""text-align: left; font-size: 14pt;font-style: Calibri;""><strong>MALARIA TREATMENT</strong></p>",yesno,"Has the participant previously taken treatment for malaria?",,,,,,,[malaria]='1',y,,,,," @ONTOLOGY='EUPATH:0000740'"
malaria_tx_current,malaria_exposure_and_treatment,,yesno,"Is the participant currently on malaria treatment?",,,,,,,[malaria]='1',y,,,,," @ONTOLOGY='EUPATH:0000740'"
sickle_cell_carrier,malaria_exposure_and_treatment,"<p style=""text-align: left; font-size: 14pt;font-style: Calibri;""><strong>SICKLE CELL DISEASE</strong></p>",radio,"Is the participant a Sickle Cell Disease carrier?","1, Yes | 0, No | -992, Don't know",,,,,,,y,,,,," @ONTOLOGY='SCDO:0001055'"
sickle_cell_diag,malaria_exposure_and_treatment,,yesno,"Has the participant been diagnosed with Sickle Cell Disease?",,,,,,,,y,,,,," @ONTOLOGY='SCDO:1000106'"
malaria_version,malaria_exposure_and_treatment,,descriptive,"Malaria Exposure and Treatment - Instrument Version 2.0 Released September 2022
H3ABioNet & H3Africa Phenotype Standards",,,,,,,,,,,,,
