"Variable / Field Name","Form Name","Section Header","Field Type","Field Label","Choices, Calculations, OR Slider Labels","Field Note","Text Validation Type OR Show Slider Number","Text Validation Min","Text Validation Max",Identifier?,"Branching Logic (Show field only if...)","Required Field?","Custom Alignment","Question Number (surveys only)","Matrix Group Name","Matrix Ranking?","Field Annotation"
tb_signs_collectdate,tuberculosis_signs_and_symptoms,,text,"Collection date of tuberculosis signs and symptoms:",,DD-MM-YYYY,date_dmy,,,,,y,,,,," @ONTOLOGY='NCIT:C81286'"
chest_pain_pressure,tuberculosis_signs_and_symptoms,"<p style=""text-align: left; font-size: 14pt;font-style: Calibri;""><strong>TUBERCULOSIS SIGNS AND SYMPTOMS</strong></p>",radio,"Chest pain or pressure:","1, Yes (ongoing) | 2, Yes (previously) | 0, No | -992, Don't know",,,,,,,y,,,,," @ONTOLOGY='SYMP:0000576'"
chills_2,tuberculosis_signs_and_symptoms,,radio,Chills:,"1, Yes (ongoing) | 2, Yes (previously) | 0, No | -992, Don't know",,,,,,,y,,,,," @ONTOLOGY='SYMP:0019174'"
cough_2,tuberculosis_signs_and_symptoms,,radio,Cough:,"1, Yes (ongoing) | 2, Yes (previously) | 0, No | -992, Don't know",,,,,,,y,,,,," @ONTOLOGY='SYMP:0000614'"
type_of_cough_2,tuberculosis_signs_and_symptoms,,radio,"(If Cough) Type of cough:","1, Dry Cough | 2, Wet Cough (cough with mucous)",,,,,,,y,,,,," @ONTOLOGY='SYMP:0000614'"
fatigue_3,tuberculosis_signs_and_symptoms,,radio,Fatigue:,"1, Yes (ongoing) | 2, Yes (previously) | 0, No | -992, Don't know",,,,,,,y,,,,," @ONTOLOGY='SYMP:0019177'"
fever_3,tuberculosis_signs_and_symptoms,,radio,Fever:,"1, Yes (ongoing) | 2, Yes (previously) | 0, No | -992, Don't know",,,,,,,y,,,,," @ONTOLOGY='SYMP:0000613'"
loss_of_appetite,tuberculosis_signs_and_symptoms,,radio,"Loss of appetite:","1, Yes (ongoing) | 2, Yes (previously) | 0, No | -992, Don't know",,,,,,,y,,,,," @ONTOLOGY='SYMP:0000309'"
night_sweats,tuberculosis_signs_and_symptoms,,radio,"Night sweats:","1, Yes (ongoing) | 2, Yes (previously) | 0, No | -992, Don't know",,,,,,,y,,,,," @ONTOLOGY='SYMP:0000337'"
weight_loss,tuberculosis_signs_and_symptoms,,radio,"Unintentional weight loss:","1, Yes (ongoing) | 2, Yes (previously) | 0, No | -992, Don't know",,,,,,,y,,,,," @ONTOLOGY='SYMP:0000178'"
other_symptoms_3,tuberculosis_signs_and_symptoms,,radio,"Other symptom/s:","1, Yes | 0, No | -992, Don't know",,,,,,,y,,,,,
other_symptoms_specify_3,tuberculosis_signs_and_symptoms,,notes,"(If Other) Specify symptom/s:",,,,,,,,y,,,,,
tb_symptoms_version,tuberculosis_signs_and_symptoms,,descriptive,"TB Signs and Symptoms - Instrument Version 2.0 Released September 2022
H3ABioNet & H3Africa Phenotype Standards",,,,,,,,,,,,,
