"Variable / Field Name","Form Name","Section Header","Field Type","Field Label","Choices, Calculations, OR Slider Labels","Field Note","Text Validation Type OR Show Slider Number","Text Validation Min","Text Validation Max",Identifier?,"Branching Logic (Show field only if...)","Required Field?","Custom Alignment","Question Number (surveys only)","Matrix Group Name","Matrix Ranking?","Field Annotation"
anthro_collectdate,anthropometrics_core,,text,"Collection date of anthropometrics measures:",,DD-MM-YYYY,date_dmy,,,,,y,,,,," @ONTOLOGY='NCIT:C81286'"
head_circ_1,anthropometrics_core,"<p style=""text-align: left; font-size: 14pt;font-style: Calibri;""><strong>HEAD CIRCUMFERENCE</strong></p>",text,"Head circumference measurement #1:",,"Please provide head measurement in centimetres.",,,,,[agecalc]<12,y,,,,," @ONTOLOGY='EFO:0005114'"
head_circ_2,anthropometrics_core,,text,"Head circumference measurement #2:",,"Please provide head measurement in centimetres.",,,,,[agecalc]<12,y,,,,," @ONTOLOGY='EFO:0005114'"
head_circ_3,anthropometrics_core,,text,"Head circumference measurement #3:",,"Please provide head measurement in centimetres.",,,,,[agecalc]<12,y,,,,," @ONTOLOGY='EFO:0005114'"
head_circ_avg,anthropometrics_core,,calc,"Calculated average head circumference (cm):","if ([head_circ_1]<>"""" and [head_circ_2]<>"""" and [head_circ_3]<>"""",sum([head_circ_1],[head_circ_2],[head_circ_3])/3, if([head_circ_1]<>"""" and [head_circ_2]<>"""" and [head_circ_3]="""", sum([head_circ_1],[head_circ_2])/2, if([head_circ_1]<>"""" and [head_circ_2]="""" and [head_circ_3]="""", [head_circ_1],"""")))","This field is automatically calculated.",,,,,[agecalc]<12,,,,,," @HIDDEN @READONLY
@ONTOLOGY='EFO:0005114'"
height_1,anthropometrics_core,"<p style=""text-align: left; font-size: 14pt;font-style: Calibri;""><strong>HEIGHT</strong> </p>",text,"Height measurement #1:",,"Provide measurement in centimetres.",integer,10,250,,,y,,,,," @ONTOLOGY='EFO:0004339'"
height_2,anthropometrics_core,,text,"Height measurement #2:",,"Provide measurement in centimetres.",integer,10,250,,,y,,,,," @ONTOLOGY='EFO:0004339'"
height_3,anthropometrics_core,,text,"Height measurement #3:",,"Provide measurement in centimetres.",integer,10,250,,,y,,,,," @ONTOLOGY='EFO:0004339'"
height_avg,anthropometrics_core,,calc,"Calculated average height (cm):","if ([height_1]<>"""" and [height_2]<>"""" and [height_3]<>"""",sum([height_1],[height_2],[height_3])/3, if([height_1]<>"""" and [height_2]<>"""" and [height_3]="""", sum([height_1],[height_2])/2, if([height_1]<>"""" and [height_2]="""" and [height_3]="""", [height_1],"""")))","This field is automatically calculated.",,,,,,,,,,," @READONLY @HIDDEN
@ONTOLOGY='EFO:0004339'"
height_self,anthropometrics_core,,text,"Approximate height reported by participant:
<i>(Only if measuring height is not possible)</i>",,"Provide measurement in centimetres.",integer,20,250,,,,,,,," @ONTOLOGY='EFO:0004339'"
weight_1,anthropometrics_core,"<p style=""text-align: left; font-size: 14pt;font-style: Calibri;""><strong>WEIGHT </strong></p>",text,"Weight measurement #1:",,"Provide weight measurement in kilograms.",number,0.2,300,,,y,,,,," @ONTOLOGY='EFO:0004338'"
weight_2,anthropometrics_core,,text,"Weight measurement #2:",,"Provide weight measurement in kilograms.",number,0.2,300,,,y,,,,," @ONTOLOGY='EFO:0004338'"
weight_3,anthropometrics_core,,text,"Weight measurement #3:",,"Provide weight measurement in kilograms.",number,0.2,300,,,y,,,,," @ONTOLOGY='EFO:0004338'"
weight_avg,anthropometrics_core,,calc,"Calculated average weight (kg):","if ([weight_1]<>"""" and [weight_2]<>"""" and [weight_3]<>"""",sum([weight_1],[weight_2],[weight_3])/3, if([weight_1]<>"""" and [weight_2]<>"""" and [weight_3]="""", sum([weight_1],[weight_2])/2, if([weight_1]<>"""" and [weight_2]="""" and [weight_3]="""", [weight_1],"""")))","This field is automatically calculated.",,,,,,y,,,,," @READONLY @HIDDEN 
@ONTOLOGY='EFO_0004338'"
medpros,anthropometrics_core,,radio,"Is the participant wearing a cast or medical prosthesis? ","1, Yes | 0, No",,,,,,,y,,,,," @ONTOLOGY='NCIT:C17598'"
proslocation,anthropometrics_core,,text,"Location of cast or medical prosthesis: ",,,,,,,[medpros]=1,y,,,,," @ONTOLOGY='NCIT:C17598'"
weightclothed,anthropometrics_core,,radio,"Is the participant wearing street clothes during the weight measurements? ","1, Yes | 0, No",,,,,,,y,,,,,
weight_self,anthropometrics_core,,text,"Approximate weight reported by the participant:
<i>(Only if measuring weight is not possible)</i>",,"Provide weight measurement in kilograms.",number,0.2,350,,,,,,,," @ONTOLOGY='EFO_0004338'"
arm_circ_1,anthropometrics_core,"<p style=""text-align: left; font-size: 14pt;font-style: Calibri;""><strong>MID-UPPER ARM CIRCUMFERENCE</strong></p>",text,"Mid-upper arm circumference measurement #1:
",,"Provide mid-upper arm measurement in centimetres.",integer,,,,,y,,,,," @ONTOLOGY='NCIT:C124475'"
arm_circ_2,anthropometrics_core,,text,"Mid-upper arm circumference measurement #2:
",,"Provide mid-upper arm measurement in centimetres.",integer,,,,,y,,,,," @ONTOLOGY='NCIT:C124475'"
arm_circ_3,anthropometrics_core,,text,"Mid-upper arm circumference measurement #3:
",,"Provide mid-upper arm measurement in centimetres.",integer,,,,,y,,,,," @ONTOLOGY='NCIT:C124475'"
arm_circ_avg,anthropometrics_core,,calc,"Calculated average mid-upper arm circumference (cm):","if ([arm_circ_1]<>"""" and [arm_circ_2]<>"""" and [arm_circ_3]<>"""",sum([arm_circ_1],[arm_circ_2],[arm_circ_3])/3, if([arm_circ_1]<>"""" and [arm_circ_2]<>"""" and [arm_circ_3]="""", sum([arm_circ_1],[arm_circ_2])/2, if([arm_circ_1]<>"""" and [arm_circ_2]="""" and [arm_circ_3]="""", [arm_circ_1],"""")))","This field is automatically calculated.",,,,,,y,,,,," @READONLY @HIDDEN 
@ONTOLOGY='NCIT:C124475'"
hip_circ_1,anthropometrics_core,"<p style=""text-align: left; font-size: 14pt;font-style: Calibri;""><strong>HIP CIRCUMFERENCE </strong></p>",text,"Hip circumference measurement #1:
",,"Provide hip circumference measurement in centimetres.",integer,,,,,y,,,,," @ONTOLOGY='EFO:0005093'"
hip_circ_2,anthropometrics_core,,text,"Hip circumference measurement #2:
",,"Provide hip circumference measurement in centimetres.",integer,,,,,y,,,,," @ONTOLOGY='EFO:0005093'"
hip_circ_3,anthropometrics_core,,text,"Hip circumference measurement #3:
",,"Provide hip circumference measurement in centimetres.",integer,,,,,y,,,,," @ONTOLOGY='EFO:0005093'"
hip_circ_avg,anthropometrics_core,,calc,"Calculated average hip circumference (cm):","if ([hip_circ_1]<>"""" and [hip_circ_2]<>"""" and [hip_circ_3]<>"""",sum([hip_circ_1],[hip_circ_2],[hip_circ_3])/3, if([hip_circ_1]<>"""" and [hip_circ_2]<>"""" and [hip_circ_3]="""", sum([hip_circ_1],[hip_circ_2])/2, if([hip_circ_1]<>"""" and [hip_circ_2]="""" and [hip_circ_3]="""", [hip_circ_1],"""")))","This field is automatically calculated.",,,,,,y,,,,," @READONLY @HIDDEN 
@ONTOLOGY='EFO:0005093'"
waist_circ_1,anthropometrics_core,"<p style=""text-align: left; font-size: 14pt;font-style: Calibri;""><strong>WAIST CIRCUMFERENCE</strong></p>",text,"Waist circumference measurement #1:",,"Please provide waist measurement in centimetres.",,,,,,y,,,,," @ONTOLOGY='EFO:0004342'"
waist_circ_2,anthropometrics_core,,text,"Waist circumference measurement #2:",,"Please provide waist measurement in centimetres.",,,,,,y,,,,," @ONTOLOGY='EFO:0004342'"
waist_circ_3,anthropometrics_core,,text,"Waist circumference measurement #3:",,"Please provide waist measurement in centimetres.",,,,,,y,,,,," @ONTOLOGY='EFO:0004342'"
waist_circ_avg,anthropometrics_core,,calc,"Calculated average waist circumference (cm):","if ([waist_circ_1]<>"""" and [waist_circ_2]<>"""" and [waist_circ_3]<>"""",sum([waist_circ_1],[waist_circ_2],[waist_circ_3])/3, if([waist_circ_1]<>"""" and [waist_circ_2]<>"""" and [waist_circ_3]="""", sum([waist_circ_1],[waist_circ_2])/2, if([waist_circ_1]<>"""" and [waist_circ_2]="""" and [waist_circ_3]="""", [waist_circ_1],"""")))","This field is automatically calculated.",,,,,,,,,,," @HIDDEN @READONLY
@ONTOLOGY='EFO:0004342'"
anthropometrics_version,anthropometrics_core,,descriptive,"Anthropometrics - Core Instrument Version 2.0 Released September 2022
H3ABioNet & H3Africa Phenotype Standards",,,,,,,,,,,,,
