"Variable / Field Name","Form Name","Section Header","Field Type","Field Label","Choices, Calculations, OR Slider Labels","Field Note","Text Validation Type OR Show Slider Number","Text Validation Min","Text Validation Max",Identifier?,"Branching Logic (Show field only if...)","Required Field?","Custom Alignment","Question Number (surveys only)","Matrix Group Name","Matrix Ranking?","Field Annotation"
malaria_signs_collectdate,malaria_signs_and_symptoms,,text,"Collection date of malaria signs and symptoms:",,DD-MM-YYYY,date_dmy,,,,,y,,,,," @ONTOLOGY='NCIT:C81286'"
std_abdominal_pain,malaria_signs_and_symptoms,"<p style=""text-align: left; font-size: 14pt;font-style: Calibri;""><strong>MALARIA SIGNS AND SYMPTOMS</strong></p>",radio,"Abdominal Pain","1, Yes (ongoing) | 2, Yes (previously) | 0, No | -992, Don't know",,,,,,,y,,,,," @ONTOLOGY='SYMP:0000457'"
chills,malaria_signs_and_symptoms,,radio,Chills:,"1, Yes (ongoing) | 2, Yes (previously) | 0, No | -992, Don't know",,,,,,,y,,,,," @ONTOLOGY='SYMP:0019174'"
cough,malaria_signs_and_symptoms,,radio,Cough:,"1, Yes (ongoing) | 2, Yes (previously) | 0, No | -992, Don't know",,,,,,,y,,,,," @ONTOLOGY='SYMP:0000614'"
type_of_cough,malaria_signs_and_symptoms,,radio,"(If Cough) Type of cough:","1, Dry Cough | 2, Wet Cough (cough with mucous)",,,,,,,y,,,,," @ONTOLOGY='SYMP:0000614'"
diarrhea,malaria_signs_and_symptoms,,radio,Diarrhea:,"1, Yes (ongoing) | 2, Yes (previously) | 0, No | -992, Don't know",,,,,,,y,,,,," @ONTOLOGY='SYMP:0000570'"
fatigue,malaria_signs_and_symptoms,,radio,Fatigue:,"1, Yes (ongoing) | 2, Yes (previously) | 0, No | -992, Don't know",,,,,,,y,,,,," @ONTOLOGY='SYMP:0019177'"
fever,malaria_signs_and_symptoms,,radio,Fever:,"1, Yes (ongoing) | 2, Yes (previously) | 0, No | -992, Don't know",,,,,,,y,,,,," @ONTOLOGY='SYMP:0000613'"
headache,malaria_signs_and_symptoms,,radio,Headache:,"1, Yes (ongoing) | 2, Yes (previously) | 0, No | -992, Don't know",,,,,,,y,,,,," @ONTOLOGY='SYMP:0000504'"
jaundice,malaria_signs_and_symptoms,,radio,Jaundice:,"1, Yes (ongoing) | 2, Yes (previously) | 0, No | -992, Don't know",,,,,,,y,,,,," @ONTOLOGY='SYMP:0000539'"
malaise,malaria_signs_and_symptoms,,radio,Malaise:,"1, Yes (ongoing) | 2, Yes (previously) | 0, No | -992, Don't know",,,,,,,y,,,,," @ONTOLOGY='SYMP:0019176'"
muscle_pain,malaria_signs_and_symptoms,,radio,"Muscle pain:","1, Yes (ongoing) | 2, Yes (previously) | 0, No | -992, Don't know",,,,,,,y,,,,," @ONTOLOGY='SYMP:0019161'"
myalgia_joint_pain,malaria_signs_and_symptoms,,radio,"Myalgia (joint pain):","1, Yes (ongoing) | 2, Yes (previously) | 0, No | -992, Don't know",,,,,,,y,,,,," @ONTOLOGY='NCIT:C27009'"
nausea_vomiting,malaria_signs_and_symptoms,,radio,Nausea/vomiting:,"1, Yes (ongoing) | 2, Yes (previously) | 0, No | -992, Don't know",,,,,,,y,,,,," @ONTOLOGY='SYMP:0000458'"
tachypnoea,malaria_signs_and_symptoms,,radio,"Tachypnoea (fast breathing) (age appropriate):","1, Yes (ongoing) | 2, Yes (previously) | 0, No | -992, Don't know",,,,,,,y,,,,," @ONTOLOGY='SYMP:0000683'"
tachycardia,malaria_signs_and_symptoms,,radio,"Tachycardia (age appropriate):","1, Yes (ongoing) | 2, Yes (previously) | 0, No | -992, Don't know",,,,,,,y,,,,," @ONTOLOGY='SYMP:0000529'"
other_malaria_symps,malaria_signs_and_symptoms,,radio,"Other symptom/s:","1, Yes | 0, No | -992, Don't know",,,,,,,y,,,,,
other_malaria_symptoms,malaria_signs_and_symptoms,,notes,"(If Other) Specify symptom/s:",,,,,,,,y,,,,,
malaria_symptoms_version,malaria_signs_and_symptoms,,descriptive,"Malaria Signs and Symptoms - Instrument Version 2.0 Released September 2022
H3ABioNet & H3Africa Phenotype Standards",,,,,,,,,,,,,
