"Variable / Field Name","Form Name","Section Header","Field Type","Field Label","Choices, Calculations, OR Slider Labels","Field Note","Text Validation Type OR Show Slider Number","Text Validation Min","Text Validation Max",Identifier?,"Branching Logic (Show field only if...)","Required Field?","Custom Alignment","Question Number (surveys only)","Matrix Group Name","Matrix Ranking?","Field Annotation"
std_collectdate,sexually_transmitted_diseases,,text,"Collection date for sexually transmitted diseases information:",,DD-MM-YYYY,date_dmy,,,,,y,,,,," @ONTOLOGY='NCIT:C81286'"
std_diagnosed,sexually_transmitted_diseases,"<p style=""text-align: left; font-size: 14pt;font-style: Calibri;""><strong>SEXUALLY TRANSMITTED DISEASES</strong></p>",radio,"Has the participant ever been diagnosed with a sexually transmitted disease (STD)(excluding HIV/AIDS)?","1, Yes | 0, No | -995, Refused",,,,,,,y,,,,," @ONTOLOGY='MONDO:0021681'"
std_type,sexually_transmitted_diseases,,checkbox,"(If Yes) Specify diagnosed STD/s:","1, Chlamydia | 2, Gonorrhoea | 3, Herpes Simplex | 4, Human papillomavirus (HPV) | 5, Syphilis | 777, Other",,,,,,[std_diagnosed]='1',y,,,,," @ONTOLOGY='MONDO:0021681'"
std_other,sexually_transmitted_diseases,,text,"(If Other) Specify other diagnosed STD/s:",,,,,,,[std_type(777)]='1',y,,,,," @ONTOLOGY='MONDO:0021681'"
std_version,sexually_transmitted_diseases,,descriptive,"Sexually Transmitted Diseases - Instrument Version 2.0 Released September 2022
H3ABioNet & H3Africa Phenotype Standards",,,,,,,,,,,,,
