"Variable / Field Name","Form Name","Section Header","Field Type","Field Label","Choices, Calculations, OR Slider Labels","Field Note","Text Validation Type OR Show Slider Number","Text Validation Min","Text Validation Max",Identifier?,"Branching Logic (Show field only if...)","Required Field?","Custom Alignment","Question Number (surveys only)","Matrix Group Name","Matrix Ranking?","Field Annotation"
hiv_collectdate,hiv_core,,text,"Collection date for HIV information:",,DD-MM-YYYY,date_dmy,,,,,y,,,,," @ONTOLOGY='NCIT:C81286'"
hiv_tested,hiv_core,"<p style=""text-align: left; font-size: 14pt;font-style: Calibri;""><strong>HIV TESTING</strong></p>",radio,"Has the participant ever been tested for HIV?","1, Yes | 0, No | -995, Refused",,,,,,,y,,,,," @ONTOLOGY='SCDO:0000571'"
hiv_testdate,hiv_core,,text,"When did the participant have his/her most recent HIV  test?",,DD-MM-YYYY,date_dmy,,,,"[hiv_tested] = '1'",y,,,,," @ONTOLOGY='NCIT:C83028'"
hiv_result,hiv_core,,radio,"What was the result of the participant's most recent HIV test? ","1, Positive | 2, Negative | 3, Indeterminate | 4, Never obtained results | -992, Don't know | -995, Refused to answer",,,,,,"[hiv_tested] = '1'",y,,,,," @ONTOLOGY='NCIT:C157155'"
hiv_tx,hiv_core,,yesno,"Is the participant currently on HIV treatment?",,,,,,,"[hiv_result] = '2'",y,,,,," @ONTOLOGY='NCIT:C16118'"
hiv_arv_6mth,hiv_core,,yesno,"(If No) Has the participant recently (past 6 months) been on antiretroviral (ARV) treatment for HIV? 
",,,,,,,"[hiv_tx] ='0'",,,,,," @ONTOLOGY='NCIT:C16118'"
hiv_core_version,hiv_core,,descriptive,"HIV - Core Instrument Version 2.0 Released September 2022
H3ABioNet & H3Africa Phenotype Standards",,,,,,,,,,,,,
