"Variable / Field Name","Form Name","Section Header","Field Type","Field Label","Choices, Calculations, OR Slider Labels","Field Note","Text Validation Type OR Show Slider Number","Text Validation Min","Text Validation Max",Identifier?,"Branching Logic (Show field only if...)","Required Field?","Custom Alignment","Question Number (surveys only)","Matrix Group Name","Matrix Ranking?","Field Annotation"
kidney_collectdate,kidney_disease_core,,text,"Collection date for kidney information:",,DD-MM-YYYY,date_dmy,,,,,y,,,,," @ONTOLOGY='NCIT:C81286'"
kidneyfail,kidney_disease_core,"<p style=""text-align: left; font-size: 14pt;font-style: Calibri;""><strong>KIDNEY DISEASE HISTORY</strong></p>",radio,"Has a doctor or healthcare worker ever told the participant that he/she had kidney failure?","1, Yes | 0, No | -992, Don't know",,,,,,,y,,,,," @ONTOLOGY='HP:000008'"
kidneyfail_age,kidney_disease_core,,text,"How old was the participant when this was first noted?",,"Provide age in years.",integer,0,99,,"[kidneyfail] = '1'",y,,,,," @ONTOLOGY='OPMI:0004482'"
kidneyswork,kidney_disease_core,,radio,"(If Yes) Are one or both kidneys working well now?","1, Yes, both kidneys working well | 2, Yes, one kidney working well | 0, No, neither kidneys working well | -992, Don't know",,,,,,"[kidneyfail] = '1'",y,,,,," @ONTOLOGY='SCDO:0000567'"
renaldialysis_past,kidney_disease_core,,radio,"Has the participant previously been on renal dialysis?","1, Yes | 0, No | -992, Don't know",,,,,,"[kidneyfail] = '1'",y,,,,," @ONTOLOGY='MAXO:0000601'"
kidneytransplant,kidney_disease_core,,radio,"Has the participant ever had a kidney transplant?","1, Yes | 0, No | -992, Don't know",,,,,,,y,,,,," @ONTOLOGY='EFO:0010134'"
kidneyfamhist,kidney_disease_core,,radio,"Has anyone in the participant's family either had kidney disease or died from it?","1, Yes | 0, No | -992, Don't know",,,,,,,y,,,,," @ONTOLOGY='GECKO:0000132'"
kidneyfamtype,kidney_disease_core,,yesno,"(If Yes) Is the type of kidney disease known?",,,,,,,"[kidneyfamhist] = '1'",y,,,,," @ONTOLOGY='GECKO:0000132'"
kidneyfamspec,kidney_disease_core,,text,"(If Yes) Specify kidney disease:",,,,,,,"[kidneyfamhist] = '1'",y,,,,," @ONTOLOGY='GECKO:0000132'"
kidneycomp,kidney_disease_core,,radio,"Has a doctor ever told the participant that his/her kidneys have compromised function?","1, Yes | 0, No | -992, Don't know",,,,,,,y,,,,," @ONTOLOGY='NCIT:C164220'"
kidneydisease,kidney_disease_core,,radio,"Has a doctor or healthcare worker told the participant that he/she has a kidney disease?","1, Yes | 0, No | -992, Don't know",,,,,,,y,,,,," @ONTOLOGY='DOID:557'"
kidney_core_version,kidney_disease_core,,descriptive,"Kidney Disease - Core Instrument Version 2.0 Released September 2022
H3ABioNet & H3Africa Phenotype Standards",,,,,,,,,,,,,
