"Variable / Field Name","Form Name","Section Header","Field Type","Field Label","Choices, Calculations, OR Slider Labels","Field Note","Text Validation Type OR Show Slider Number","Text Validation Min","Text Validation Max",Identifier?,"Branching Logic (Show field only if...)","Required Field?","Custom Alignment","Question Number (surveys only)","Matrix Group Name","Matrix Ranking?","Field Annotation"
milestones_collectdate,developmental_milestones,,text,"Collection date for developmental milestones:",,DD-MM-YYYY,date_dmy,,,,,y,,,,," @ONTOLOGY='NCIT:C81286'"
dev_milestones,developmental_milestones,"<p style=""text-align: left; font-size: 14pt;font-style: Calibri;""><strong>DEVELOPMENTAL MILESTONES</strong></p>",descriptive,"Gross Motor Milestones",,,,,,,,,,,,,
sit_unsupported,developmental_milestones,,radio,"Is the participant able to sit unsupported?","1, Yes | 0, No | 2, Not anymore",,,,,,,y,,,,," @ONTOLOGY='NBO:0000347'"
sit_unsupported_yrs,developmental_milestones,,text,"At what age did the participant first sit unsupported?",,Years,integer,,,,[sit_unsupported]='1',y,,,,," @ONTOLOGY='NBO:0000347'"
sit_unsupported_mnths,developmental_milestones,,text,"At what age did the participant first sit unsupported?",,Months,integer,0,11,,[sit_unsupported]='1',y,,,,," @ONTOLOGY='NBO:0000347'"
crawl,developmental_milestones,,radio,"Is the participant able to crawl?","1, Yes | 0, No | 2, Not anymore",,,,,,,y,,,,," @ONTOLOGY='NBO_0000363'"
crawl_yrs,developmental_milestones,,text,"At what age did the participant first crawl?",,Years,integer,,,,[crawl]='1',y,,,,," @ONTOLOGY='NBO_0000363'"
crawl_mnths,developmental_milestones,,text,"At what age did the participant first crawl?",,Months,integer,0,11,,[crawl]='1',y,,,,," @ONTOLOGY='NBO_0000363'"
walk,developmental_milestones,,radio,"Is the participant able to walk unassisted?","1, Yes | 0, No | 2, Not anymore",,,,,,,y,,,,," @ONTOLOGY='NBO:0000347'"
walk_yrs,developmental_milestones,,text,"At what age did the participant first walk unassisted?",,Years,integer,,,,[walk]='1',y,,,,," @ONTOLOGY='NBO:0000347'"
walk_mnths,developmental_milestones,,text,"At what age did the participant first walk unassisted?",,Months,integer,0,11,,[walk]='1',y,,,,," @ONTOLOGY='NBO:0000347'"
desc_fine_motor,developmental_milestones,,descriptive,"Fine Motor Milestones",,,,,,,,,,,,,
dress,developmental_milestones,,radio,"Is the participant able to dress themselves?","1, Yes | 0, No | 2, Not anymore",,,,,,,y,,,,," @ONTOLOGY='NBO:0000348'"
dress_yrs,developmental_milestones,,text,"At what age could the participant dress themselves?",,Years,integer,,,,[dress]='1',y,,,,," @ONTOLOGY='NBO:0000348'"
dress_mnths,developmental_milestones,,text,"At what age could the participant dress themselves?",,Months,integer,0,11,,[dress]='1',y,,,,," @ONTOLOGY='NBO:0000348'"
desc_social_milestones,developmental_milestones,,descriptive,"Social / Language Milestones",,,,,,,,,,,,,
smile,developmental_milestones,,radio,"Is the participant able to smile when prompted? ","1, Yes | 0, No | 2, Not anymore",,,,,,,y,,,,," @ONTOLOGY='NBO:0000011'"
smile_yrs,developmental_milestones,,text,"At what age did the participant smile when prompted? ",,Years,integer,,,,[smile]='1',y,,,,," @ONTOLOGY='NBO:0000011'"
smile_mnths,developmental_milestones,,text,"At what age did the participant smile when prompted? ",,Months,integer,0,11,,[smile]='1',y,,,,," @ONTOLOGY='NBO:0000011'"
words,developmental_milestones,,radio,"Is the participant able to speak with words?","1, Yes | 0, No | 2, Not anymore",,,,,,,y,,,,," @ONTOLOGY='SCDO:0001087'"
words_yrs,developmental_milestones,,text,"At what age did the participant say their first words?",,Years,integer,,,,[words]='1',y,,,,," @ONTOLOGY='SCDO:0001087'"
words_mnths,developmental_milestones,,text,"At what age did the participant say their first words?",,Months,integer,0,11,,[words]='1',y,,,,," @ONTOLOGY='SCDO:0001087'"
speech_intelligible,developmental_milestones,,radio,"Is the participant's speech intelligible (would a foreign speaker e.g. someone that doesn't live with the participant, understand the participant)?","1, Yes | 0, No | 2, Not anymore",,,,,,,y,,,,," @ONTOLOGY='SCDO:0001087'"
dev_milestones_version,developmental_milestones,,descriptive,"Developmental Milestones  - Instrument Version 2.0 Released September 2022
H3ABioNet & H3Africa Phenotype Standards",,,,,,,,,,,,,
