"Variable / Field Name","Form Name","Section Header","Field Type","Field Label","Choices, Calculations, OR Slider Labels","Field Note","Text Validation Type OR Show Slider Number","Text Validation Min","Text Validation Max",Identifier?,"Branching Logic (Show field only if...)","Required Field?","Custom Alignment","Question Number (surveys only)","Matrix Group Name","Matrix Ranking?","Field Annotation"
alcohol_collectdate,alcohol_consumption_core,,text,"Collection date for alcohol use information:",,DD-MM-YYYY,date_dmy,,,,,y,,,,," @ONTOLOGY='NCIT:C81286'"
alcohol_any,alcohol_consumption_core,"<p style=""text-align: left; font-size: 14pt;font-style: Calibri;""><strong>ALCOHOL CONSUMPTION</strong></p>",yesno,"In his/her entire life, has the participant had at least 1 drink of any kind of alcohol?
<i>(not counting small tastes or sips)</i>",,,,,,,[agecalc]>18,y,,,,," @ONTOLOGY='SCDO:0000038'"
alcohol_age,alcohol_consumption_core,,text," About how old was the participant when he/she first started drinking alcohol?
<i>(not counting small tastes or sips)</i>",,"Provide age in years.",integer,1,100,,"[agecalc]>=12 and [alcohol_any] = '1'",y,,,,," @ONTOLOGY='GECKO:0000069'"
alcohol_30days,alcohol_consumption_core,,text,"During the past 30 days, on how <u>many days</u> did the participant drink one or more drinks of an alcoholic beverage?",,"Enter ""00"" if the participant did not drink in the past 30 days.",integer,,,,"[agecalc]>=12 and [alcohol_any] = '1'",y,,,,," @ONTOLOGY='GECKO:0000069'"
alcohol_numdrinks,alcohol_consumption_core,,text,"On the days that the participant drank during the past 30 days, how <u>many drinks</u> did he/she usually have each day? 

<i>(Count as a drink a can or bottle of beer; a wine cooler or a glass of wine, champagne, or sherry; a shot of liquor or a mixed drink or cocktail.)</i>",,"Enter ""00"" if the participant did not drink in the past 30 days.",integer,,,,"[agecalc]>=12 and [alcohol_any] = '1' and [alcohol_30days]<>""00""",y,,,,," @ONTOLOGY='GECKO:0000069'"
alcohol_mostdrinks,alcohol_consumption_core,,text,"What was the LARGEST number of drinks that he/she <u>ever</u> drank in a single day?",,,integer,,,,"[agecalc]>=12 and [alcohol_any] = '1'",y,,,,," @ONTOLOGY='GECKO:0000069'"
alcohol_prefbev,alcohol_consumption_core,,radio,"What is the participant's preferred alcoholic beverage?
","1, Beer | 2, Brandy | 3, Cider | 4, Gin | 5, Rum | 6, Tequila | 7, Vodka | 8, Whiskey | 9, Wine | 777, Other",,,,,,[agecalc]>18,y,,,,," @ONTOLOGY='GECKO:0000069'"
alcohol_prefbevother,alcohol_consumption_core,,text,"(If Other) Specify preferred alcoholic beverage:
",,,,,,,"[agecalc]>18 and [alcohol_prefbev]='777'",y,,,,," @ONTOLOGY='GECKO:0000069'"
alcohol_use_version,alcohol_consumption_core,,descriptive,"Alcohol Use - Core Instrument Version 2.0 Released September 2022
H3ABioNet & H3Africa Phenotype Standards",,,,,,,,,,,,,
