"Variable / Field Name","Form Name","Section Header","Field Type","Field Label","Choices, Calculations, OR Slider Labels","Field Note","Text Validation Type OR Show Slider Number","Text Validation Min","Text Validation Max",Identifier?,"Branching Logic (Show field only if...)","Required Field?","Custom Alignment","Question Number (surveys only)","Matrix Group Name","Matrix Ranking?","Field Annotation"
infectdiscore_collectdate,infectious_diseases_core,,text,"Collection date for core infectious disease information:",,DD-MM-YYYY,date_dmy,,,,,,,,,," @ONTOLOGY='NCIT:C81286'"
tb,infectious_diseases_core,"<p style=""text-align: left; font-size: 14pt;font-style: Calibri;""><strong>SELF-REPORTED INFECTIOUS DISEASE HISTORY</strong></p>",radio,"Has a doctor or healthworker ever told the participant that they have tuberculosis (TB)?","1, Yes | 0, No | -992, Don't know | -995, Refused",,,,,,,y,,,,," @ONTOLOGY='HP:0032262'"
tb_age,infectious_diseases_core,,text,"How old was the participant when diagnosed with TB?",,"Provide age in years.",integer,0,99,,"[tb] = '1'",y,,,,," @ONTOLOGY='NCIT:C156420'"
malaria,infectious_diseases_core,,radio,"Has a doctor or healthworker ever told the participant that they have malaria?","1, Yes | 0, No | -992, Don't know | -995, Refused",,,,,,,y,,,,," @ONTOLOGY='EFO:0001068'"
malaria_age,infectious_diseases_core,,text,"How old was the participant when diagnosed with malaria?",,"Provide age in years.",integer,0,99,,"[malaria] = '1'",y,,,,," @ONTOLOGY='NCIT:C156420'"
sleepsick,infectious_diseases_core,,radio,"Has a doctor or healthworker ever told the participant that they have sleeping sickness?","1, Yes | 0, No | -992, Don't know | -995, Refused",,,,,,,y,,,,," @ONTOLOGY='DOID:10112'"
sleepsick_age,infectious_diseases_core,,text,"How old was the participant when diagnosed with sleeping sickness?",,"Provide age in years.",integer,0,99,,"[sleepsick] = '1'",y,,,,," @ONTOLOGY='NCIT:C156420'"
hep_a,infectious_diseases_core,,radio,"Has a doctor or healthworker ever told the participant that they have hepatitis A?","1, Yes | 0, No | -992, Don't know | -995, Refused",,,,,,,y,,,,," @ONTOLOGY='DOID:12549'"
hep_a_age,infectious_diseases_core,,text,"How old was the participant when diagnosed with hepatitis A?",,"Provide age in years.",integer,0,99,,"[hep_a] = '1'",y,,,,," @ONTOLOGY='NCIT:C156420'"
hep_b,infectious_diseases_core,,radio,"Has a doctor or healthworker ever told the participant that they have hepatitis B?","1, Yes | 0, No | -992, Don't know | -995, Refused",,,,,,,y,,,,," @ONTOLOGY='DOID:2043'"
hep_b_age,infectious_diseases_core,,text,"How old was the participant when diagnosed with hepatitis B?",,"Provide age in years.",integer,0,99,,"[hep_b] = '1'",y,,,,," @ONTOLOGY='NCIT:C156420'"
hep_c,infectious_diseases_core,,radio,"Has a doctor or healthworker ever told the participant that they have hepatitis C?","1, Yes | 0, No | -992, Don't know | -995, Refused",,,,,,,y,,,,," @ONTOLOGY='DOID:1883'"
hep_c_age,infectious_diseases_core,,text,"How old was the participant when diagnosed with hepatitis C?",,"Provide age in years.",integer,0,99,,"[hep_c] = '1'",y,,,,," @ONTOLOGY='NCIT:C156420'"
measles,infectious_diseases_core,,radio,"Has a doctor or healthworker ever told the participant that they have measles?","1, Yes | 0, No | -992, Don't know | -995, Refused",,,,,,,y,,,,," @ONTOLOGY='DOID:8622'"
measles_age,infectious_diseases_core,,text,"How old was the participant when diagnosed with measles?",,"Provide age in years.",integer,0,99,,[measles]='1',y,,,,," @ONTOLOGY='NCIT:C156420'"
chickpox,infectious_diseases_core,,radio,"Has a doctor or healthworker ever told the participant that they have chickenpox?","1, Yes | 0, No | -992, Don't know | -995, Refused",,,,,,,y,,,,," @ONTOLOGY='DOID:8659'"
chickpox_age,infectious_diseases_core,,text,"How old was the participant when diagnosed with chickenpox?",,"Provide age in years.",integer,0,99,,[chickpox]='1',y,,,,," @ONTOLOGY='NCIT:C156420'"
meningitis,infectious_diseases_core,,radio,"Has a doctor or healthworker ever told the participant that they have meningitis?","1, Yes | 0, No | -992, Don't know | -995, Refused",,,,,,,y,,,,," @ONTOLOGY='HP:0001287'"
meningitis_age,infectious_diseases_core,,text,"How old was the participant when diagnosed with meningitis?",,"Provide age in years.",integer,0,99,,[meningitis]='1',y,,,,," @ONTOLOGY='NCIT:C156420'"
covid19,infectious_diseases_core,,radio,"Has a doctor or healthworker ever told the participant that they have COVID-19?","1, Yes | 0, No | -992, Don't know | -995, Refused",,,,,,,y,,,,," @ONTOLOGY='DOID:0080600'"
covid19_age,infectious_diseases_core,,text,"How old was the participant when first diagnosed with COVID-19?",,"Provide age in years.",integer,0,99,,[meningitis]='1',y,,,,," @ONTOLOGY='NCIT:C156420'"
infectdiscore_version,infectious_diseases_core,,descriptive,"Infectious Diseases - Core Instrument Version 2.0 Released September 2022
H3ABioNet & H3Africa Phenotype Standards",,,,,,,,,,,,,
