"Variable / Field Name","Form Name","Section Header","Field Type","Field Label","Choices, Calculations, OR Slider Labels","Field Note","Text Validation Type OR Show Slider Number","Text Validation Min","Text Validation Max",Identifier?,"Branching Logic (Show field only if...)","Required Field?","Custom Alignment","Question Number (surveys only)","Matrix Group Name","Matrix Ranking?","Field Annotation"
smoke_collectdate,smoking_status_core,,text,"Collection date of smoking status information:",,DD-MM-YYYY,date_dmy,,,,[agecalc]>=12,y,,,,," @ONTOLOGY='NCIT:C81286'"
smoked100,smoking_status_core,"<p style=""text-align: left; font-size: 14pt;font-style: Calibri;""><strong>SMOKING STATUS</strong></p>",yesno,"Has the participant smoked at least 100 tobacco cigarettes in his/her entire life?",,,,,,,[agecalc]>18,y,,,,,
smoked1,smoking_status_core,,yesno,"Has the participant used at least 1 tobacco cigarette in his/her entire life (including cigarette, e-cigarette, vape, cigar etc.)?",,,,,,,"[agecalc]<19 and [agecalc]>=12",,,,,,
smoking_onset,smoking_status_core,,text,"How old was the participant when he/she first started smoking tobacco cigarettes?",,"Provide age in years.",integer,5,100,,"[smoked100]= 1 or [smoked1] = 1",y,,,,,
smoking_status,smoking_status_core,,radio,"What type of smoker would you currently say you are:","1, An EVERY day smoker | 2, A FAIRLY REGULAR (some days) smoker | 3, A FORMER smoker | -992, Don't Know | -995, Refused",,,,,,"[smoked100]= 1 or [smoked1] = 1",y,,,,," @ONTOLOGY='EFO:0006527'"
smoking_daily6m,smoking_status_core,,yesno,"Has the participant EVER smoked tobacco cigarettes EVERY DAY for at least 6 months? ",,,,,,,"[smoked100]= 1 or [smoked1] = 1",y,,,,,
smokes_per_day,smoking_status_core,,text,"On the days that you smoke, on average, how many tobacco cigarettes does the participant smoke?
<bold><u><i>OR</bold></u></i>
If you are a former smoker, on the days that you smoked, on average, how many tobacco cigarettes did you smoke?",,"Provide average number of cigarettes per day",integer,1,50,,"[smoked100]= 1 or [smoked1] = 1",y,,,,,
smoke_days_1m,smoking_status_core,,text,"Over the past 30 days, on how many <u>days</u> did you smoke?
<bold><u><i>OR</bold></u></i>
If you are a former smoker, on average, on how many <u>days</u> did you smoke in a month?",,"<strong>Every</strong> day smokers or former <strong>every</strong> day smokers should complete with '30'.",integer,0,30,,"[smoked100]= 1 or [smoked1] = 1",y,,,,,
quitsmoking,smoking_status_core,,text,"(<u>FOR</u> Former Smokers): About how long has it been since you COMPLETELY quit smoking tobacco cigarettes?",,,integer,,,,"[smoking_status] = 3",y,,,,,
quitsmokingunits,smoking_status_core,,radio,"Length of time since quitting measured in:","1, Years | 2, Months | 3, Weeks | 4, Days",,,,,,"[smoking_status] = 3",y,,,,," @ONTOLOGY='NCIT:C42574'"
cigars,smoking_status_core,"<p style=""text-align: left; font-size: 14pt;font-style: Calibri;""><strong>TOBACCO (NON-CIGARETTE) - PRODUCT USE</strong></p>
In his/her lifetime, has the participant ....",radio,"Smoked at least 50 cigars?","1, Yes | 0, No",,,,,,[agecalc]>18,y,,,tobacco_use,,
pipe,smoking_status_core,,radio,"Smoked a pipe at least 50 times?","1, Yes | 0, No",,,,,,[agecalc]>18,y,,,tobacco_use,,
vape,smoking_status_core,,radio,"Used an e-cigarette or vape at least 50 times?","1, Yes | 0, No",,,,,,[agecalc]>18,y,,,tobacco_use,,
snuff,smoking_status_core,,radio,"Used snuff, (such as Skoal, Skoal Bandit or Copenhagen) at least 20 times?","1, Yes | 0, No",,,,,,[agecalc]>18,y,,,tobacco_use,,
chewtobac,smoking_status_core,,radio,"Used chewing tobacco (such as Redman, Levi Garrett or Beechnut) at least 20 times?","1, Yes | 0, No",,,,,,[agecalc]>18,y,,,tobacco_use,,
smoking_status_version,smoking_status_core,,descriptive,"Smoking Status - Core Instrument Version 2.0 Released September 2022
H3ABioNet & H3Africa Phenotype Standards",,,,,,,,,,,,,
