"Variable / Field Name","Form Name","Section Header","Field Type","Field Label","Choices, Calculations, OR Slider Labels","Field Note","Text Validation Type OR Show Slider Number","Text Validation Min","Text Validation Max",Identifier?,"Branching Logic (Show field only if...)","Required Field?","Custom Alignment","Question Number (surveys only)","Matrix Group Name","Matrix Ranking?","Field Annotation"
sleep_collectdate,sleep_habits,,text,"Collection date of sleep habit information:",,DD-MM-YYYY,date_dmy,,,,,y,,,,," @ONTOLOGY='NCIT:C81286'"
bed_time,sleep_habits,"<p style=""text-align: left; font-size: 14pt;font-style: Calibri;""><strong>SLEEP HABITS</strong></p>",text,"During the past month, what time did the participant usually go to bed at night?
",,HH:MM,time,,,,,y,,,,," @ONTOLOGY='OBA:VT0001501'"
fall_asleep_duration,sleep_habits,,text,"During the past month, how long (in minutes) has it usually taken the participant to fall asleep each night?	
",,"In minutes.",integer,0,320,,,y,,,,," @ONTOLOGY='OBA:VT0001501'"
wake_time,sleep_habits,,text,"During the past month, what time has the participant usually gotten up in the morning?	
",,HH:MM,time,,,,,y,,,,," @ONTOLOGY='OBA:VT0001501'"
hours_sleep,sleep_habits,,text,"During the past month, on average, how many hours of actual sleep did the participant get at night?	
",,"In hours.",integer,0,14,,,y,,,,," @ONTOLOGY='OBA:VT0001501'"
sleep_apnea,sleep_habits,,yesno,"Has a doctor ever told the participant that they have a sleep disorder known as sleep apnea?	
",,,,,,,,y,,,,," @ONTOLOGY='HP:0010535'"
sleep_med,sleep_habits,,yesno,"Does the participant use any medication to facilitate sleeping more than twice a week?",,,,,,,,y,,,,," @ONTOLOGY='OBA:VT0001501'"
sleep_version,sleep_habits,,descriptive,"Sleep Habits - Instrument Version 2.0 Released September 2022
H3ABioNet & H3Africa Phenotype Standards",,,,,,,,,,,,,
