"Variable / Field Name","Form Name","Section Header","Field Type","Field Label","Choices, Calculations, OR Slider Labels","Field Note","Text Validation Type OR Show Slider Number","Text Validation Min","Text Validation Max",Identifier?,"Branching Logic (Show field only if...)","Required Field?","Custom Alignment","Question Number (surveys only)","Matrix Group Name","Matrix Ranking?","Field Annotation"
sex_behav_collectdate,sexual_behaviour,,text,"Collection date for sexual behaviour information:",,DD-MM-YYYY,date_dmy,,,,,y,,,,," @ONTOLOGY='NCIT:C81286'"
ever_had_sex,sexual_behaviour,"<p style=""text-align: left; font-size: 14pt;font-style: Calibri;""><strong>SEXUAL BEHAVIOUR</strong></p>",radio,"Has the participant ever had any kind of sex?	","1, Yes | 0, No | -995, Refused",,,,,,,y,,,,," @ONTOLOGY='GSSO:000756'"
ever_vaginal_sex,sexual_behaviour,,radio,"Has the participant ever had vaginal sex?	","1, Yes | 0, No | -995, Refused",,,,,,,y,,,,," @ONTOLOGY='GSSO:000764'"
oral_sex_woman,sexual_behaviour,,radio,"Has the participant ever performed oral sex on a woman?	","1, Yes | 0, No | -995, Refused",,,,,,,y,,,,," @ONTOLOGY='GSSO:000763'"
oral_sex_man,sexual_behaviour,,radio,"Has the participant ever performed oral sex on a man?	","1, Yes | 0, No | -995, Refused",,,,,,,y,,,,," @ONTOLOGY='GSSO:000763'"
anal_sex_woman,sexual_behaviour,,radio,"Has the participant ever had anal sex with a woman?	","1, Yes | 0, No | -995, Refused",,,,,,,y,,,,," @ONTOLOGY='GSSO:000762'"
anal_sex_man,sexual_behaviour,,radio,"Has the participant ever had anal sex with a man?	","1, Yes | 0, No | -995, Refused",,,,,,,y,,,,," @ONTOLOGY='GSSO:000762'"
age_first_time_sex,sexual_behaviour,,text,"How old was the participant the first time they had any kind of sex? 	",,"Provide age in years.",integer,,,,,y,,,,," @ONTOLOGY='GSSO:005361'"
lifetime_sex_partners,sexual_behaviour,,text,"In his/her lifetime, with how many individuals has the participant had any kind of sex (opposite and same sex individuals)?	",,,integer,,,,,y,,,,," @ONTOLOGY='OMIT:0013642'"
mnth_sex_partners,sexual_behaviour,,text,"In the past 12 months, with how many individuals have you had any kind of sex (opposite and same sex individuals)?	
",,,integer,,,,,y,,,,," @ONTOLOGY='OMIT:0013642'"
num_unsafe_sex,sexual_behaviour,,radio,"In the past 12 months, how often has the participant had sex without using safe sex practices?","1, Never | 2, Less than half of the time | 3, About half of the time | 4, Not always, but more than half of the time | 5, Always | -995, Refused",,,,,,,y,,,,," @ONTOLOGY='GSSO:003190'"
sex_behaviour_version,sexual_behaviour,,descriptive,"Sexual Behaviour  - Instrument Version 2.0 Released September 2022
H3ABioNet & H3Africa Phenotype Standards",,,,,,,,,,,,,
