"Variable / Field Name","Form Name","Section Header","Field Type","Field Label","Choices, Calculations, OR Slider Labels","Field Note","Text Validation Type OR Show Slider Number","Text Validation Min","Text Validation Max",Identifier?,"Branching Logic (Show field only if...)","Required Field?","Custom Alignment","Question Number (surveys only)","Matrix Group Name","Matrix Ranking?","Field Annotation"
consent_withdrawal_date,withdrawal_of_study_consent,"<p style=""text-align: left; font-size: 14pt;font-style: Calibri;""><strong>WITHDRAWAL OF CONSENT</strong></p>",text,"<div class=""rich-text-field-label""><p>Date of withdrawal:</p></div>",,DD-MM-YYYY,date_dmy,,,,,y,,,,,
consent_withdrawal_type,withdrawal_of_study_consent,,radio,"<div class=""rich-text-field-label""><p>Do you wish to withdraw your consent to participate in the entire study or parts of the study?</p></div>","1, Complete withdrawal | 2, Partial withdrawal",,,,,,,y,,,,,
consent_partialwithdrawal,withdrawal_of_study_consent,,notes,"<div class=""rich-text-field-label""><p>Please state from which part(s) of the study you would like to withdraw your consent:</p></div>",,,,,,,"[consent_withdrawal_type] = '2'",y,LH,,,,
consent_withdraw_rsn,withdrawal_of_study_consent,,notes,"<div class=""rich-text-field-label""><p>Reason(s) for withdrawing consent:</p> <p><span style=""font-weight: normal;"">The participant is not obliged to give a reason, therefore if no reason is given type ""none given""</span></p></div>",,,,,,,,y,LH,,,,
consent_withdraw_sign,withdrawal_of_study_consent,,file,"<div class=""rich-text-field-label""><p>Participant signature:</p></div>",,,signature,,,,,y,,,,,
consent_withdraw_staff,withdrawal_of_study_consent,"<div class=""rich-text-field-label""><p><p style=""text-align: left; font-size: 14pt;font-style: Calibri;""><strong>STAFF MEMBER CONDUCTING STUDY WITHDRAWAL PROCESS</strong></p></p></div>",text,"<div class=""rich-text-field-label""><p>Staff Member Name:</p></div>",,"Full name",,,,y,,y,,,,,
consent_withdraw_staffrole,withdrawal_of_study_consent,,text,"<div class=""rich-text-field-label""><p>Staff member designation</p></div>",,,,,,,,,,,,,
consent_withdraw_staffsign,withdrawal_of_study_consent,,file,"<div class=""rich-text-field-label""><p>Staff Member Signature:</p></div>",,,signature,,,,,y,,,,,
withdrawal_version,withdrawal_of_study_consent,,descriptive,"Withdrawal - Core Instrument Version 2.0 Released September 2022
H3ABioNet & H3Africa Phenotype Standards",,,,,,,,,,,,,
