"Variable / Field Name","Form Name","Section Header","Field Type","Field Label","Choices, Calculations, OR Slider Labels","Field Note","Text Validation Type OR Show Slider Number","Text Validation Min","Text Validation Max",Identifier?,"Branching Logic (Show field only if...)","Required Field?","Custom Alignment","Question Number (surveys only)","Matrix Group Name","Matrix Ranking?","Field Annotation"
collect_date_cardiac,cardiac_blood_flow_measurements,,text,"Collection date of cardiac blood flow measurements:",,DD-MM-YYYY,date_dmy,,,,,y,,,,," @ONTOLOGY='NCIT:C81286'"
doppler_avgcimt_right,cardiac_blood_flow_measurements,"<p style=""text-align: left; font-size: 14pt;font-style: Calibri;""><strong>CARDIAC BLOOD FLOW MEASUREMENTS</strong></p>",text,"Doppler Reading - Average cIMT on the right (mm):
",,"in mm",number,,,,,y,,,,," @ONTOLOGY='NCIT:C38634'"
doppler_avgcimt_left,cardiac_blood_flow_measurements,,text,"Doppler Reading - Average cIMT on the left (mm):
",,"in mm",number,,,,,y,,,,," @ONTOLOGY='NCIT:C38634'"
pulse,cardiac_blood_flow_measurements,,text,"Pulse:
",,beats/minute,integer,,,,,y,,,,," @ONTOLOGY='CMO:0000294'"
bloodflow_version,cardiac_blood_flow_measurements,,descriptive,"Cardiac Blood Flow Measurements - Instrument Version 2.0 Released September 2022
H3ABioNet & H3Africa Phenotype Standards",,,,,,,,,,,,,
