"Variable / Field Name","Form Name","Section Header","Field Type","Field Label","Choices, Calculations, OR Slider Labels","Field Note","Text Validation Type OR Show Slider Number","Text Validation Min","Text Validation Max",Identifier?,"Branching Logic (Show field only if...)","Required Field?","Custom Alignment","Question Number (surveys only)","Matrix Group Name","Matrix Ranking?","Field Annotation"
neurodev_collectdate,neurodevelopmental_assessment,,text,"Neurodevelopmental assessment date:",,DD-MM-YYYY,date_dmy,,,,,y,,,,," @ONTOLOGY='NCIT:C81286'"
neuro_assessed,neurodevelopmental_assessment,"<p style=""text-align: left; font-size: 14pt;font-style: Calibri;""><strong>NEURODEVELOPMENTAL ASSESSMENT</strong></p>",yesno,"Has the participant undergone a neurodevelopmental assessment by a clinician?",,,,,,,,y,,,,," @ONTOLOGY='EFO:0008245'"
neuro_assess_age,neurodevelopmental_assessment,,text,"(If Yes) Age neurodevelopmental assessment carried out?
",,"Provide age in years.",number,0,99,,[neuro_assessed]='1',y,,,,," @ONTOLOGY='EFO:0008245'"
neuro_assessment,neurodevelopmental_assessment,,radio,"(If Yes) What was the result of the neurodevelopmental assessment?","0, No ID/DD | 1, Mild ID/DD | 2, Moderate ID/DD | 3, Severe ID/DD",,,,,,,y,,,,," @ONTOLOGY='EFO:0008245'"
repeated_school,neurodevelopmental_assessment,,radio,"Has the participant ever repeated years at school?","1, Yes | 0, No | 2, Never attended school",,,,,,,y,,,,,
school_extra_yrs,neurodevelopmental_assessment,,text,"(If Yes) How many additional years has the participant spent in school?",,Years.,integer,,,,[repeated_school]='1',,,,,,
desc_abnormal_behav,neurodevelopmental_assessment,,descriptive,"Is the participant exhibiting any of the following abnormal behaviours?",,,,,,,,,,,,,
aggression,neurodevelopmental_assessment,"<p style=""text-align: left; font-size: 14pt;font-style: Calibri;""><strong>NEURODEVELOPMENTAL ASSESSMENT</strong></p>",radio,Aggression,"1, Yes | 0, No | 2, Not anymore",,,,,,,y,,,abnormal_behaviour,," @ONTOLOGY='GO:0002118'"
autistic_behaviour,neurodevelopmental_assessment,,radio,"Autistic behaviour","1, Yes | 0, No | 2, Not anymore",,,,,,,y,,,abnormal_behaviour,," @ONTOLOGY='HP:0000729'"
hyperactivity,neurodevelopmental_assessment,,radio,Hyperactivity,"1, Yes | 0, No | 2, Not anymore",,,,,,,y,,,abnormal_behaviour,," @ONTOLOGY='SYMP:0019183'"
repetitive_beahviour,neurodevelopmental_assessment,,radio,"Repetitive behaviour","1, Yes | 0, No | 2, Not anymore",,,,,,,y,,,abnormal_behaviour,," @ONTOLOGY='HP:0008762'"
ritualistic_behaviour,neurodevelopmental_assessment,,radio,"Ritualistic behaviour","1, Yes | 0, No | 2, Not anymore",,,,,,,y,,,abnormal_behaviour,,
self_harming_behaviour,neurodevelopmental_assessment,,radio,"Self harming behaviour","1, Yes | 0, No | 2, Not anymore",,,,,,,y,,,abnormal_behaviour,," @ONTOLOGY='NCIT:C118206'"
other_abnormal_behaviour,neurodevelopmental_assessment,,radio,"Other abnormal behaviour","1, Yes | 0, No | 2, Not anymore",,,,,,,y,,,abnormal_behaviour,," @ONTOLOGY='SYMP:0000666'"
behaviour_other,neurodevelopmental_assessment,,text,"(If Other) Specify  abnormal behaviour/s:",,,,,,,"[other_abnormal_behaviour]='1' or [other_abnormal_behaviour]='2'",y,,,,," @ONTOLOGY='SYMP:0000666'"
neurodev_version,neurodevelopmental_assessment,,descriptive,"Neurodevelopmental Assessment  - Instrument Version 2.0 Released September 2022
H3ABioNet & H3Africa Phenotype Standards",,,,,,,,,,,,,
