"Variable / Field Name","Form Name","Section Header","Field Type","Field Label","Choices, Calculations, OR Slider Labels","Field Note","Text Validation Type OR Show Slider Number","Text Validation Min","Text Validation Max",Identifier?,"Branching Logic (Show field only if...)","Required Field?","Custom Alignment","Question Number (surveys only)","Matrix Group Name","Matrix Ranking?","Field Annotation"
water_colldate,water_resources,,text,"Collection date of water resource information:",,DD-MM-YYYY,date_dmy,,,,,y,,,,," @ONTOLOGY='NCIT:C81286'"
drinkwater_source,water_resources,"<p style=""text-align: left; font-size: 14pt;font-style: Calibri;""><strong>WATER RESOURCES</strong></p>",checkbox,"What is the participant's main source of drinking water?	
","1, Borehole | 2, Delivered water (tanker) | 3, Municipal water supply | 4, Packaged water (bottled, sachet) | 5, Protected well | 6, Public water tap | 7, Rainwater collection | 8, Surface water (e.g. river, dam) | 9, Unprotected well | 10, Water from spring | 11, Water vendors | 777, Other",,,,,,,y,,,,," @ONTOLOGY='EUPATH:0000087'"
drinkwater_source_other,water_resources,,text,"(If Other) Specify drinking source:	
",,,,,,,[drinkwater_source(777)]='1',y,,,,," @ONTOLOGY='EUPATH:0000087'"
water_filtered,water_resources,,radio,"In which manner is water treated prior to drinking, if any?","1, Filtered | 2, Boiling | 3, Chemical Treatment | 4, Solar Water Treatment | 5, Not treated",,,,,,,y,,,,," @ONTOLOGY='EUPATH:0000087'"
water_insufficient,water_resources,,radio,"In the last month, has there been any time when the participant's household did not have sufficient quantities of drinking water when needed?	
","1, Yes - at least once | 0, No - always sufficient",,,,,,,y,,,,," @ONTOLOGY='EUPATH:0000087'"
nondrinkwater_source,water_resources,,checkbox,"What is the participant's main source of water for non-drinking purposes?","1, Borehole | 2, Delivered water (tanker) | 3, Municipal water supply | 4, Packaged water (bottled, sachet) | 5, Protected well | 6, Public water tap | 7, Rainwater collection | 8, Surface water (e.g. river, dam) | 9, Unprotected well | 10, Water from spring | 11, Water vendors | 777, Other",,,,,,,y,,,,," @ONTOLOGY='EUPATH:0000087'"
nondrinkwater_source_other,water_resources,,text,"(If Other) Specify non-drinking source:	
",,,,,,,[nondrinkwater_source(777)]='1',y,,,,," @ONTOLOGY='EUPATH:0000087'"
ecoli_water_sample,water_resources,,text,"Collect a water sample to determine water quality.
(Number of E. coli detected in 100 mL sample; measured within 30 minutes of water sample collection)	
",,"Number of E. coli detected in 100 mL sample",integer,,,,,,,,,," @ONTOLOGY='OMIT:0027830'"
water_version,water_resources,,descriptive,"Water Resources  - Instrument Version 2.0 Released September 2022
H3ABioNet & H3Africa Phenotype Standards",,,,,,,,,,,,,
