"Variable / Field Name","Form Name","Section Header","Field Type","Field Label","Choices, Calculations, OR Slider Labels","Field Note","Text Validation Type OR Show Slider Number","Text Validation Min","Text Validation Max",Identifier?,"Branching Logic (Show field only if...)","Required Field?","Custom Alignment","Question Number (surveys only)","Matrix Group Name","Matrix Ranking?","Field Annotation"
bp_collectdate,blood_pressure_core,,text,"Date of blood pressure measurements:",,DD-MM-YYYY,date_dmy,,,,,y,,,,," @ONTOLOGY='NCIT:C81286'"
bpdevice,blood_pressure_core,"<p style=""text-align: left; font-size: 14pt;font-style: Calibri;""><strong>BLOOD PRESSURE MEASUREMENTS</strong></p>",text,"For blood pressure measurements, specify Aneroid sphygmomanometers name and model:",,,,,,,,y,,,,," @ONTOLOGY='ERO:0000838'"
bpdevice_size,blood_pressure_core,,radio,"Blood pressure cuffs size used (S, M, L, XL):","0, S | 1, M | 2, L | 3, XL",,,,,,,y,RH,,,," @ONTOLOGY='SNOMED722471002'"
bp_systolic1,blood_pressure_core,,text,"Systolic Pressure measurement #1:",,mmHg,number,,,,,y,,,,," @ONTOLOGY='CMO:0000003'"
bp_diastolic1,blood_pressure_core,,text,"Diastolic Pressure measurement #1:",,mmHg,number,,,,,y,,,,," @ONTOLOGY='CMO:0000003'"
bp_systolic2,blood_pressure_core,,text,"Systolic Pressure measurement #2:",,mmHg,number,,,,,y,,,,," @ONTOLOGY='CMO:0000003'"
bp_diastolic2,blood_pressure_core,,text,"Diastolic Pressure measurement #2:",,mmHg,number,,,,,y,,,,," @ONTOLOGY='CMO:0000003'"
bp_systolic3,blood_pressure_core,,text,"Systolic Pressure measurement #3:",,mmHg,number,,,,,y,,,,," @ONTOLOGY='CMO:0000003'"
bp_diastolic3,blood_pressure_core,,text,"Diastolic Pressure measurement #3:",,mmHg,number,,,,,y,,,,," @ONTOLOGY='CMO:0000003'"
bp_systolic_avg,blood_pressure_core,,calc,"Average (calculated) systolic blood pressure measurement:","sum([bp_systolic1],[bp_systolic2],[bp_systolic3])/3","This field is automatically calculated.",,,,,,,,,,," @HIDDEN @READONLY
@ONTOLOGY='CMO:0000003'"
bp_diastolic_avg,blood_pressure_core,,calc,"Average (calculated) diastolic blood pressure measurement:","sum([bp_diastolic1],[bp_diastolic2],[bp_diastolic3])/3","This field is automatically calculated.",,,,,,,,,,," @HIDDEN @READONLY
@ONTOLOGY='CMO:0000003'"
bp_core_version,blood_pressure_core,,descriptive,"Blood Pressure - Core Instrument Version 2.0 Released September 2022
H3ABioNet & H3Africa Phenotype Standards",,,,,,,,,,,,,
