"Variable / Field Name","Form Name","Section Header","Field Type","Field Label","Choices, Calculations, OR Slider Labels","Field Note","Text Validation Type OR Show Slider Number","Text Validation Min","Text Validation Max",Identifier?,"Branching Logic (Show field only if...)","Required Field?","Custom Alignment","Question Number (surveys only)","Matrix Group Name","Matrix Ranking?","Field Annotation"
cvd_ext_collectdate,cardiovascular_disease_extended,,text,"Collection date for extended cardiovascular disease information:",,DD-MM-YYYY,date_dmy,,,,,y,,,,," @ONTOLOGY='NCIT:C81286'"
angina,cardiovascular_disease_extended,"<p style=""text-align: left; font-size: 14pt;font-style: Calibri;""><strong>ANGINA</strong></p>",yesno,"Has the participant ever been told by a doctor, nurse, or other healthcare worker that they have angina (chest pain due to heart disease)?
",,,,,,,,y,,,,," @ONTOLOGY='SCDO:0004836'"
chest_pain,cardiovascular_disease_extended,,yesno,"Has the participant ever received treatment for chest pain due to heart disease prescribed by a doctor, nurse or other healthcare worker?
",,,,,,,,y,,,,," @ONTOLOGY='MAXO:0000181'"
angina_meds,cardiovascular_disease_extended,,yesno,"Is the participant currently taking any medication for angina prescribed by a doctor or other healthcare worker?
",,,,,,,,y,,,,," @ONTOLOGY='MAXO:0000181'"
angina_herb,cardiovascular_disease_extended,,yesno,"Is the participant currently taking any herbal or traditional remedy for angina?
",,,,,,,,y,,,,," @ONTOLOGY='MAXO:0000181'"
angina_herb_meds,cardiovascular_disease_extended,,notes,"(If Yes) Specify prescribed or herbal/traditional medication being used for angina:",,,,,,,"[angina_herb] = '1' or [angina_meds] = '1'",y,,,,," @ONTOLOGY='MAXO:0000181'"
pain_chest_arm,cardiovascular_disease_extended,,yesno,"During the last 12 months, has the participant experienced any pain or discomfort in their chest, or pain going to the left arm or neck, when they walk uphill or hurry?
",,,,,,,,y,,,,," @ONTOLOGY='NCIT:C143364'"
pain_relieved,cardiovascular_disease_extended,,yesno,"Is the pain or discomfort relieved if the participant stands still?
",,,,,,,[pain_chest_arm]='1',y,,,,," @ONTOLOGY='NCIT:C143364'"
heart_attack,cardiovascular_disease_extended,"<p style=""text-align: left; font-size: 14pt;font-style: Calibri;""><strong>HEART ATTACK</strong></p>",yesno,"Has the participant ever been told by a doctor, nurse, or other healthcare worker that they have had a heart attack?
",,,,,,,,y,,,,," @ONTOLOGY='HP:0001658'"
heart_attack_tx,cardiovascular_disease_extended,,yesno,"Has the participant ever received medical treatment for a heart attack?
",,,,,,,,y,,,,," @ONTOLOGY='MAXO:0000181'"
heart_attack_tx_curr,cardiovascular_disease_extended,,yesno,"Is the participant currently on treatment to prevent heart attack prescribed by a doctor, nurse, or other healthcare worker?
",,,,,,,,y,,,,," @ONTOLOGY='NCIT:C106376'"
heart_attack_herb,cardiovascular_disease_extended,,yesno,"Is the participant currently taking any herbal or traditional remedy for a heart attack?
",,,,,,,,y,,,,," @ONTOLOGY='MAXO:0000181'"
heart_attack_herb_meds,cardiovascular_disease_extended,,notes,"(If Yes) Specify prescribed or herbal/traditional medication being used for heart attack:",,,,,,,"[heart_attack_herb] = '1' or [heart_attack_tx_curr] = '1'",y,,,,," @ONTOLOGY='MAXO:0000181'"
heart_failure,cardiovascular_disease_extended,"<p style=""text-align: left; font-size: 14pt;font-style: Calibri;""><strong>CONGESTIVE HEART FAILURE</strong></p>",yesno,"Has the participant ever been told by a doctor, nurse, or other healthcare worker that they have heart failure?
",,,,,,,,y,,,,," @ONTOLOGY='SYMP:0000292'"
heart_fail_tx,cardiovascular_disease_extended,,yesno,"Has the participant ever received medical treatment for heart failure prescribed by a doctor, nurse, or other healthcare worker?
",,,,,,,,y,,,,," @ONTOLOGY='NCIT:C106376'"
heart_fail_tx_curr,cardiovascular_disease_extended,,yesno,"Is the participant currently on treatment for heart failure prescribed by a doctor, nurse, or other healthcare worker?
",,,,,,,,y,,,,," @ONTOLOGY='NCIT:C106376'"
heart_fail_herbs,cardiovascular_disease_extended,,yesno,"Is the participant currently taking any herbal or traditional remedy for heart failure?
",,,,,,,,y,,,,," @ONTOLOGY='NCIT:C106376'"
heart_fail_herb_tradmeds,cardiovascular_disease_extended,,notes,"(If Yes) Specify prescribed or herbal/traditional medication being used for congestive heart failure:
",,,,,,,"[heart_fail_herbs] = '1' or [heart_fail_tx_curr] = '1'",y,,,,," @ONTOLOGY='NCIT:C106376'"
thyroid_disease,cardiovascular_disease_extended,"<p style=""text-align: left; font-size: 14pt;font-style: Calibri;""><strong>THYROID DISEASE</strong></p>",yesno,"Has a doctor ever told the participant that they have thyroid disease?
",,,,,,,,y,,,,," @ONTOLOGY='EFO:1000627'"
thyroid_disease_known,cardiovascular_disease_extended,,yesno,"(If Yes) Type of thyroid disease known?
",,,,,,,"[thyroid_disease] = '1'",y,,,,,
thyroid_disease_type,cardiovascular_disease_extended,,radio,"(If Yes) Specify type of thyroid disease:
","1, Hyperthyroidism | 2, Hypothyroidism | 3, Hashimoto's thyroiditis | 4, Graves' disease | 5, Goiter | 6, Thyroid nodules | 777, Other",,,,,,[thyroid_disease_known]='1',y,,,,," @ONTOLOGY='EFO:1000627'"
thyroid_disease_other,cardiovascular_disease_extended,,text,"(If Other) Specify other type of thyroid disease:",,,,,,,[thyroid_disease_type]='777',y,,,,," @ONTOLOGY='EFO:1000627'"
thyroid_disease_tx,cardiovascular_disease_extended,,yesno,"Has the participant ever been treated for thyroid disease?
",,,,,,,,y,,,,," @ONTOLOGY='MAXO:0000284'"
thyroid_disease_tx_type,cardiovascular_disease_extended,,radio,"(If Yes) Specify treatment used for thyroid disease:","1, Antithyroid drugs | 2, Radioactive Iodine | 3, Surgery | 4, Thyroid hormone | 777, Other",,,,,,[thyroid_disease_tx]='1',y,,,,," @ONTOLOGY='MAXO:0000284'"
thyroid_disease_tx_other,cardiovascular_disease_extended,,text,"(If Other) Specify other treatment used:
",,,,,,,[thyroid_disease_tx_type]='777',y,,,,," @ONTOLOGY='MAXO:0000284'"
thyroid_disease_parents,cardiovascular_disease_extended,,yesno,"Have either of the participant's parents ever had thyroid disease? 
",,,,,,,,y,,,,," @ONTOLOGY='GECKO:0000132'"
cvd_ext_version,cardiovascular_disease_extended,,descriptive,"Cardiovascular Disease - Extended Instrument Version 2.0 Released September 2022
H3ABioNet & H3Africa Phenotype Standards",,,,,,,,,,,,,
