"Variable / Field Name","Form Name","Section Header","Field Type","Field Label","Choices, Calculations, OR Slider Labels","Field Note","Text Validation Type OR Show Slider Number","Text Validation Min","Text Validation Max",Identifier?,"Branching Logic (Show field only if...)","Required Field?","Custom Alignment","Question Number (surveys only)","Matrix Group Name","Matrix Ranking?","Field Annotation"
fam_hist_collectdate,family_history,,text,"Collection date of family history information:",,DD-MM-YYYY,date_dmy,,,,,y,,,,," @ONTOLOGY='NCIT:C81286'"
num_nucmem_infectdis,family_history,"<p style=""text-align: left; font-size: 14pt;font-style: Calibri;""><strong>FAMILY HISTORY: CHRONIC INFECTIOUS DISEASES</strong></p>",text,"How many nuclear family members have had a chronic infectious disease?",,,integer,0,40,,,y,,,,," @ONTOLOGY='GECKO:0000132'"
nucmem_infectdis_specify,family_history,,checkbox,"(If ANY) Specify the chronic infectious disease/s:	","1, Hepatitis | 2, HIV | 3, HPV | 4, Malaria | 5, Trypanosomiasis | 6, Tuberculosis | 777, Other",,,,,,[num_nucmem_infectdis]>0,y,,,,," @ONTOLOGY='GECKO:0000132'"
nucmem_infectdis_other,family_history,,text,"(If Other) Specify other chronic infectious disease/s:",,,,,,,[nucmem_infectdis_specify(777)]='1',y,,,,," @ONTOLOGY='GECKO:0000132'"
num_extmem_infectdis,family_history,,text,"How many extended family members have had a chronic infectious disease?	",,,integer,0,40,,,y,,,,," @ONTOLOGY='GECKO:0000132'"
num_nucmem_md,family_history,"<p style=""text-align: left; font-size: 14pt;font-style: Calibri;""><strong>FAMILY HISTORY: MENTAL DISORDERS</strong></p>",text,"How many nuclear family members have had a mental disorder?	",,,integer,0,40,,,y,,,,," @ONTOLOGY='GECKO:0000132'"
nucmem_md_specify,family_history,,checkbox,"(If ANY) Specify the mental disorder/s:	","1, Anxiety Disorder | 2, Bipolar Disorder | 3, Depression | 4, Eating Disorder | 5, Impulse Control Disorder | 6, Personality Disorder | 7, PTSD | 8, Substance Abuse Disorder | 9, Tourette Syndrome | 777, Other",,,,,,[num_nucmem_md]>0,y,,,,," @ONTOLOGY='GECKO:0000132'"
nucmem_md_other,family_history,,text,"(If Other) Specify other mental disorder/s:	",,,,,,,[nucmem_md_specify(777)]='1',y,,,,," @ONTOLOGY='GECKO:0000132'"
num_extmem_md,family_history,,text,"How many extended family members have had a mental disorder?	",,,integer,0,40,,,y,,,,," @ONTOLOGY='GECKO:0000132'"
num_nucmem_nsd,family_history,"<p style=""text-align: left; font-size: 14pt;font-style: Calibri;""><strong>FAMILY HISTORY: NERVOUS SYSTEM DISORDERS</strong></p>",text,"How many nuclear family members have had a nervous system disorder?	",,,integer,0,40,,,y,,,,," @ONTOLOGY='GECKO:0000132'"
nucmem_nsd_specify,family_history,,checkbox,"(If ANY) Specify the nervous system disorder/s:	","1, Alzheimer's | 2, Cerebral Palsy | 3, Dementia | 4, Epilepsy | 5, Motor Neuron Disease | 6, Multiple Sclerosis | 7, Parkinson's | 8, Peripheral Neuropathy | 9, Stroke | 777, Other",,,,,,[num_nucmem_nsd]>0,y,,,,," @ONTOLOGY='GECKO:0000132'"
nucmem_nsd_other,family_history,,text,"(If Other) Specify other nervous system disorder/s:	",,,,,,,[nucmem_nsd_specify(777)]='1',y,,,,," @ONTOLOGY='GECKO:0000132'"
num_extmem_nsd,family_history,,text,"How many extended family members have had a nervous system disorder/s?	",,,integer,0,40,,,y,,,,," @ONTOLOGY='GECKO:0000132'"
num_nucmem_vhd,family_history,"<p style=""text-align: left; font-size: 14pt;font-style: Calibri;""><strong>FAMILY HISTORY: VISION AND HEARING DISORDERS</strong></p>",text,"How many nuclear family members have had a vision or hearing disorder?	",,,integer,0,40,,,y,,,,," @ONTOLOGY='GECKO:0000132'"
nucmem_vhd_specify,family_history,,checkbox,"(If ANY) Specify the vision and hearing disorder/s:	","1, Blindness/Visual Impairment | 2, Cataracts | 3, Deafness/Hearing Impairment | 4, Diplopia | 5, Glaucoma | 6, Hyperopia | 7, Myopia | 8, Strabismus | 9, Tinnitus | 10, Vertigo | 777, Other",,,,,,[num_nucmem_vhd]>0,y,,,,," @ONTOLOGY='GECKO:0000132'"
nucmem_vhd_other,family_history,,text,"(If Other) Specify the other vision and/or hearing disorder/s:	",,,,,,,[nucmem_vhd_specify(777)]='1',y,,,,," @ONTOLOGY='GECKO:0000132'"
num_extmem_vhd,family_history,,text,"How many extended family members have had a vision or hearing disorder?	",,,integer,0,40,,,y,,,,," @ONTOLOGY='GECKO:0000132'"
num_nucmem_rsd,family_history,"<p style=""text-align: left; font-size: 14pt;font-style: Calibri;""><strong>FAMILY HISTORY: RESPIRATORY SYSTEM DISORDERS</strong></p>",text,"How many nuclear family members have had a respiratory system disorder?	",,,integer,0,40,,,y,,,,," @ONTOLOGY='GECKO:0000132'"
nucmem_rsd_specify,family_history,,checkbox,"(If ANY) Specify the respiratory system disorder/s:	","1, Asthma | 2, Chronic Bronchitis | 3, Chronic Obstructive Pulmonary Disease (COPD) | 4, Cystic Fibrosis | 5, Emphysema | 6, Sleep Apnea | 777, Other",,,,,,[num_nucmem_rsd]>0,y,,,,," @ONTOLOGY='GECKO:0000132'"
nucmem_rsd_other,family_history,,text,"(If Other) Specify the other respiratory system disorder/s:	",,,,,,,[nucmem_rsd_specify(777)]='1',y,,,,," @ONTOLOGY='GECKO:0000132'"
num_extmem_rsd,family_history,,text,"How many extended family members have had a respiratory system disorder?	",,,integer,0,40,,,y,,,,," @ONTOLOGY='GECKO:0000132'"
num_nucmem_cvd,family_history,"<p style=""text-align: left; font-size: 14pt;font-style: Calibri;""><strong>FAMILY HISTORY: CARDIOVASCULAR SYSTEM DISORDERS</strong></p>",text,"How many nuclear family members have had a cardiovascular system disorder/s?	",,,integer,0,40,,,y,,,,," @ONTOLOGY='GECKO:0000132'"
nucmem_cvd_specify,family_history,,checkbox,"(If ANY) Specify the cardiovascular system disorder/s:	","1, Arrythmia | 2, Angina | 3, Congenital Heart Disease | 4, Congestive Heart Failure | 5, Hypertension | 6, Ischemic Disease | 7, Heart Attack | 8, Obesity | 9, Peripheral Vascular Disease | 10, Pulmonary Stenosis | 11, Valve Disease | 777, Other",,,,,,[num_nucmem_cvd]>0,y,,,,," @ONTOLOGY='GECKO:0000132'"
nucmem_cvd_other,family_history,,text,"(If Other) Specify other cardiovascular system disorder/s:	",,,,,,,[nucmem_cvd_specify(777)]='1',y,,,,," @ONTOLOGY='GECKO:0000132'"
num_extmem_cvd,family_history,,text,"How many extended family members have had a cardiovascular system disorder?	",,,integer,0,40,,,y,,,,," @ONTOLOGY='GECKO:0000132'"
num_nucmem_dsd,family_history,"<p style=""text-align: left; font-size: 14pt;font-style: Calibri;""><strong>FAMILY HISTORY: DIGESTIVE SYSTEM DISORDERS</strong></p>",text,"How many nuclear family members have had a digestive system disorder?	",,,integer,0,40,,,y,,,,," @ONTOLOGY='GECKO:0000132'"
nucmem_dsd_specify,family_history,,checkbox,"(If ANY) Specify the digestive system disorder/s:	","1, Coeliac Disease | 2, Diverticulitis | 3, Gallstones | 4, Gastroesophageal Reflux Disease | 5, Haemorrhoids | 6, Hepato-splenomegaly | 7, Hiatus Hernia | 8, Inflammatory Bowel Disease | 9, Liver Disease | 10, Malabsorption Syndrome | 11, Pancreatic Disease | 12, Peptic Ulcers | 777, Other",,,,,,[num_nucmem_dsd]>0,y,,,,," @ONTOLOGY='GECKO:0000132'"
nucmem_dsd_other,family_history,,text,"(If Other) Specify other digestive system disorder/s:	",,,,,,,[nucmem_dsd_specify(777)]='1',y,,,,," @ONTOLOGY='GECKO:0000132'"
num_extmem_dsd,family_history,,text,"How many extended family members have had a digestive system disorder?	",,,integer,0,40,,,y,,,,," @ONTOLOGY='GECKO:0000132'"
num_nucmem_usd,family_history,"<p style=""text-align: left; font-size: 14pt;font-style: Calibri;""><strong>FAMILY HISTORY: UROGENITAL SYSTEM DISORDERS</strong></p>",text,"How many nuclear family members have had a urogenital system disorder?	",,,integer,0,40,,,y,,,,," @ONTOLOGY='GECKO:0000132'"
nucmem_usd_specify,family_history,,checkbox,"(If ANY) Specify the urogenital system disorder/s:	","1, Chronic Kidney Disease | 2, Inguinal Hernia | 3, Kidney Stones | 4, Urethral Stricture | 5, Urinary Incontinence | 6, Urinary Retention | 777, Other",,,,,,[num_nucmem_usd]>0,y,,,,," @ONTOLOGY='GECKO:0000132'"
nucmem_usd_other,family_history,,text,"(If Other) Specify the other urogenital system disorder/s:	",,,,,,,[nucmem_usd_specify(777)]='1',y,,,,," @ONTOLOGY='GECKO:0000132'"
num_extmem_usd,family_history,,text,"How many extended family members have had a urogenital system disorder?	",,,integer,0,40,,,y,,,,," @ONTOLOGY='GECKO:0000132'"
num_nucmem_esd,family_history,"<p style=""text-align: left; font-size: 14pt;font-style: Calibri;""><strong>FAMILY HISTORY: ENDOCRINE SYSTEM DISORDERS</strong></p>",text,"How many nuclear family members have had an endocrine system disorder?	",,,integer,0,40,,,y,,,,," @ONTOLOGY='GECKO:0000132'"
nucmem_esd_specify,family_history,,checkbox,"(If ANY) Specify the endocrine system disorder/s:	","1, Cushing's Disorder | 2, Growth Hormone Deficiency | 3, Hyperthyroidism | 4, Hypogonadism | 5, Hypothyroidism | 6, Pituitary Adenoma | 7, Polycystic Ovary Syndrome (PCOS) | 8, Type 1 Diabetes | 9, Type 2 Diabetes | 777, Other",,,,,,[num_nucmem_esd]>0,y,,,,," @ONTOLOGY='GECKO:0000132'"
nucmem_esd_other,family_history,,text,"(If Other) Specify other endocrine system disorder/s:	",,,,,,,[nucmem_esd_specify(777)]='1',y,,,,," @ONTOLOGY='GECKO:0000132'"
num_extmem_esd,family_history,,text,"How many extended family members have had an endocrine system disorder?	",,,integer,0,40,,,y,,,,," @ONTOLOGY='GECKO:0000132'"
num_nucmem_csd,family_history,"<p style=""text-align: left; font-size: 14pt;font-style: Calibri;""><strong>FAMILY HISTORY: CIRCULATORY SYSTEM DISORDERS</strong></p>",text,"How many nuclear family members have had a circulatory system disorder?	",,,integer,0,40,,,y,,,,," @ONTOLOGY='GECKO:0000132'"
nucmem_csd_specify,family_history,,checkbox,"(If ANY) Specify the circulatory system disorder/s:	","1, Anemia | 2, Haemophilia | 3, Podoconiosis | 4, Rheumatoid Arthritis | 5, Severe Combined Immunodeficiency (SCID) | 6, Sickle Cell Disease | 7, Systemic Lupus Erythematosus (SLE) | 8, Thalasaemia | 9, Thrombocytopenia | 10, Thrombophilia | 777, Other",,,,,,[num_nucmem_csd]>0,y,,,,," @ONTOLOGY='GECKO:0000132'"
nucmem_csd_other,family_history,,text,"(If Other) Specify the other circulatory system disorder/s:	",,,,,,,[nucmem_csd_specify(777)]='1',y,,,,," @ONTOLOGY='GECKO:0000132'"
num_extmem_csd,family_history,,text,"How many extended family members have had a circulatory system disorder?	",,,integer,0,40,,,y,,,,," @ONTOLOGY='GECKO:0000132'"
num_nucmem_msd,family_history,"<p style=""text-align: left; font-size: 14pt;font-style: Calibri;""><strong>FAMILY HISTORY: MUSCULOSKELETAL SYSTEM DISORDERS</strong></p>",text,"How many nuclear family members have had a musculoskeletal system disorder?	",,,integer,0,40,,,y,,,,," @ONTOLOGY='GECKO:0000132'"
nucmem_msd_specify,family_history,,checkbox,"(If ANY) Specify the musculoskeletal system disorder/s:	","1, Arthritis | 2, Carpal Tunnel | 3, Fibromyalgia | 4, Gout | 5, Guillain Barre Syndrome | 6, Osteoporosis | 7, Tendonitis | 8, Muscular Dystrophy | 9, Rickets | 10, Scoliosis | 777, Other",,,,,,[num_nucmem_msd]>0,y,,,,," @ONTOLOGY='GECKO:0000132'"
nucmem_msd_other,family_history,,text,"(If Other) Specify the other musculoskeletal system disorder/s:	",,,,,,,[nucmem_msd_specify(777)]='1',y,,,,," @ONTOLOGY='GECKO:0000132'"
num_extmem_msd,family_history,,text,"How many extended family members have had a musculoskeletal system disorder?	",,,integer,0,40,,,y,,,,," @ONTOLOGY='GECKO:0000132'"
num_nucmem_isd,family_history,"<p style=""text-align: left; font-size: 14pt;font-style: Calibri;""><strong>FAMILY HISTORY: INTEGUMENTARY SYSTEM DISORDERS</strong></p>",text,"How many nuclear family members have had an integumentary system disorder?	",,,integer,0,40,,,y,,,,," @ONTOLOGY='GECKO:0000132'"
nucmem_isd_specify,family_history,,checkbox,"(If ANY) Specify the integumentary system disorder/s:	","1, Albinism | 2, Atopic Dermatitis | 3, Eczema | 4, Haemangioma | 5, Neurofibromatosis | 6, Psoriasis | 7, Vitiligo | 777, Other",,,,,,,y,,,,," @ONTOLOGY='GECKO:0000132'"
nucmem_isd_other,family_history,,text,"(If Other) Specify other integumentary system disorder/s:	",,,,,,,[nucmem_isd_specify(777)]='1',y,,,,," @ONTOLOGY='GECKO:0000132'"
num_extmem_isd,family_history,,text,"How many extended family members have had an integumentary system disorder?	",,,integer,0,40,,,y,,,,," @ONTOLOGY='GECKO:0000132'"
num_nucmem_devd,family_history,"<p style=""text-align: left; font-size: 14pt;font-style: Calibri;""><strong>FAMILY HISTORY: DEVELOPMENTAL DISORDERS</strong></p>",text,"How many nuclear family members have had a developmental disorder?	",,,integer,0,40,,,y,,,,," @ONTOLOGY='GECKO:0000132'"
nucmem_devd_specify,family_history,,checkbox,"(If ANY) Specify the developmental disorder/s:	","1, Attention Deficit/Hyperactivity Disorder (ADHD) | 2, Autism Spectrum Disorder | 3, Developmental Delay/Intellectual Disability (DD/ID) | 4, Down Syndrome | 5, Fetal Alcohol Syndrome | 6, Fragile X Syndrome | 7, Learning Disorder | 777, Other",,,,,,[num_nucmem_devd]>0,y,,,,," @ONTOLOGY='GECKO:0000132'"
nucmem_devd_other,family_history,,text,"(If Other) Specify other developmental disorder/s:	",,,,,,,[nucmem_devd_specify(777)]='1',y,,,,," @ONTOLOGY='GECKO:0000132'"
num_extmem_devd,family_history,,text,"How many extended family members have had a developmental disorder?	",,,integer,0,40,,,y,,,,," @ONTOLOGY='GECKO:0000132'"
family_hist_version,family_history,,descriptive,"Family History  - Instrument Version 2.0 Released September 2022
H3ABioNet & H3Africa Phenotype Standards",,,,,,,,,,,,,
