"Variable / Field Name","Form Name","Section Header","Field Type","Field Label","Choices, Calculations, OR Slider Labels","Field Note","Text Validation Type OR Show Slider Number","Text Validation Min","Text Validation Max",Identifier?,"Branching Logic (Show field only if...)","Required Field?","Custom Alignment","Question Number (surveys only)","Matrix Group Name","Matrix Ranking?","Field Annotation"
socioeconomic_colldate,household_characteristics,,text,"Collection date of household characteristics:",,DD-MM-YYYY,date_dmy,,,,,y,,,,," @ONTOLOGY='NCIT:C81286'"
hh_type,household_characteristics,"<p style=""text-align: left; font-size: 14pt;font-style: Calibri;""><strong>HOUSEHOLD CHARACTERISTICS</strong></p>",radio,"What type of household does the participant live in?	
","1, Stand-alone house | 2, House split into two apartments/flats | 3, Apartment building | 4, Hotel/Motel | 5, Trailer/Mobile home | 6, Traditional dwelling | 777, Other",,,,,,,y,,,,," @ONTOLOGY='EUPATH:0000087'"
hh_type_other,household_characteristics,,text,"(If Other) Specify household type:	
",,,,,,,[hh_type_other]='777',y,,,,," @ONTOLOGY='EUPATH:0000087'"
hh_rooms_sleep,household_characteristics,,text,"How many sleeping and living rooms are in the participant's household?	
",,,integer,,,,,y,,,,," @ONTOLOGY='EUPATH:0000087'"
hh_num_people,household_characteristics,,text,"How many people live in the participant's household?	
",,,integer,,,,,y,,,,," @ONTOLOGY='OPMI:0000003'"
hh_content,household_characteristics,,descriptive,"Does the participant's household have, or does the participant own, any of the following?",,,,,,,,,,,,,
arable_land,household_characteristics,,radio,"Arable land","1, Yes | 2, No",,,,,,,y,,,hh_items,," @ONTOLOGY='EUPATH:0000144'"
pastures_hayfields,household_characteristics,,radio,"Pastures and hayfields","1, Yes | 2, No",,,,,,,y,,,hh_items,," @ONTOLOGY='EUPATH:0000144'"
pets,household_characteristics,,radio,Pets,"1, Yes | 2, No",,,,,,,y,,,hh_items,," @ONTOLOGY='EUPATH:0000144'"
farm_animals,household_characteristics,,radio,"Farm animals","1, Yes | 2, No",,,,,,,y,,,hh_items,," @ONTOLOGY='EUPATH:0000144'"
bed,household_characteristics,,radio,Bed,"1, Yes | 2, No",,,,,,,y,,,hh_items,," @ONTOLOGY='EUPATH:0000144'"
blankets,household_characteristics,,radio,Blankets,"1, Yes | 2, No",,,,,,,y,,,hh_items,," @ONTOLOGY='EUPATH:0000144'"
mattress,household_characteristics,,radio,Mattress,"1, Yes | 2, No",,,,,,,y,,,hh_items,," @ONTOLOGY='EUPATH:0000144'"
bicycle,household_characteristics,,radio,Bicycle,"1, Yes | 2, No",,,,,,,y,,,hh_items,," @ONTOLOGY='EUPATH:0000144'"
motorcycle_scooter,household_characteristics,,radio,"Motorcycle or Scooter","1, Yes | 2, No",,,,,,,y,,,hh_items,," @ONTOLOGY='EUPATH:0000144'"
car_truck,household_characteristics,,radio,"Car or Truck","1, Yes | 2, No",,,,,,,y,,,hh_items,," @ONTOLOGY='EUPATH:0000144'"
electricity,household_characteristics,,radio,Electricity,"1, Yes | 2, No",,,,,,,y,,,hh_items,," @ONTOLOGY='EUPATH:0000144'"
internet_connectivity,household_characteristics,,radio,"Internet Connectivity","1, Yes | 2, No",,,,,,,y,,,hh_items,," @ONTOLOGY='EUPATH:0000144'"
microwave,household_characteristics,,radio,Microwave,"1, Yes | 2, No",,,,,,,y,,,hh_items,," @ONTOLOGY='EUPATH:0000144'"
refrigerator,household_characteristics,,radio,Refrigerator,"1, Yes | 2, No",,,,,,,y,,,hh_items,," @ONTOLOGY='EUPATH:0000144'"
radio,household_characteristics,,radio,Radio,"1, Yes | 2, No",,,,,,,y,,,hh_items,," @ONTOLOGY='EUPATH:0000144'"
television,household_characteristics,,radio,Television,"1, Yes | 2, No",,,,,,,y,,,hh_items,," @ONTOLOGY='EUPATH:0000144'"
telephone,household_characteristics,,radio,Telephone,"1, Yes | 2, No",,,,,,,y,,,hh_items,," @ONTOLOGY='EUPATH:0000144'"
mobile_phone,household_characteristics,,radio,"Mobile phone","1, Yes | 2, No",,,,,,,y,,,hh_items,," @ONTOLOGY='EUPATH:0000144'"
computer_laptop,household_characteristics,,radio,"Computer or laptop","1, Yes | 2, No",,,,,,,y,,,hh_items,," @ONTOLOGY='EUPATH:0000144'"
hh_roof_material,household_characteristics,,radio,"What is the participant's household's roof made of? 	
","1, Tile | 2, Concrete | 3, Wood | 4, Natural resources (e.g. straw) | 5, Scavenged resources (e.g. cardboard) | 6, Iron | 7, Asbestos | 8, Aluminium | 777, Other",,,,,,,y,,,,," @ONTOLOGY='EUPATH:0000087'"
hh_roof_material_other,household_characteristics,,text,"(If Other) Specify the household's primary roof material:",,,,,,,,y,,,,," @ONTOLOGY='EUPATH:0000087'"
hh_roof_leaking,household_characteristics,,radio,"Does the participant's household experience any leaking?","1, During heavy rain (including light rain) | 2, During light rain only | 0, Never",,,,,,,y,,,,," @ONTOLOGY='EUPATH:0000087'"
hh_wall_material,household_characteristics,,radio,"What is the participant's household's wall made of? 	
","1, Brick | 2, Plaster | 3, Wood | 4, Cardboard | 5, Curtains | 777, Other",,,,,,,y,,,,," @ONTOLOGY='EUPATH:0000087'"
hh_wall_material_other,household_characteristics,,text,"(If Other) Specify the household's primary wall material:",,,,,,,,y,,,,," @ONTOLOGY='EUPATH:0000087'"
hh_floor_material,household_characteristics,,radio,"What is the participant's household's floor covering made of? 	
","1, Soil | 2, Wood | 3, Cement | 4, Tile | 5, Carpet/Rug | 777, Other",,,,,,,y,,,,," @ONTOLOGY='EUPATH:0000087'"
hh_wall_material_other_2,household_characteristics,,text,"(If Other) Specify the household's primary floor covering material:",,,,,,,,y,,,,," @ONTOLOGY='EUPATH:0000087'"
hh_cooking_fuel,household_characteristics,,radio,"What is the main source of cooking fuel used in the participant's household? 	
","1, Electricity | 2, Wood | 3, Charcoal | 4, Gas | 5, Kerosene | 6, Oil | 7, Crop waste | 777, Other",,,,,,,y,,,,," @ONTOLOGY='EUPATH:0000087'"
hh_cooking_fuel_other,household_characteristics,,text,"(If Other) Specify main source of cooking fuel used in the household:       	
",,,,,,,,y,,,,," @ONTOLOGY='EUPATH:0000087'"
hh_cooking_location,household_characteristics,,radio,"Where is cooking primarily conducted in the participant's household?","1, Indoors | 2, Outdoors (Enclosed Area) | 3, Outdoors (Open Area)",,,,,,,y,,,,," @ONTOLOGY='EUPATH:0000087'"
hh_cooking_location_2,household_characteristics,,yesno,"(If Indoors) Is cooking and sleeping conducted in the same room?",,,,,,,,y,,,,," @ONTOLOGY='EUPATH:0000087'"
hh_settlement_type,household_characteristics,,radio,"In what type of developed settlement does the participant live? 	
","1, Urban | 2, Suburban | 3, Rural",,,,,,,y,,,,," @ONTOLOGY='NCIT:C102647'"
socioeconomic_version,household_characteristics,,descriptive,"Household Characteristics  - Instrument Version 2.0 Released September 2022
H3ABioNet & H3Africa Phenotype Standards",,,,,,,,,,,,,
