"Variable / Field Name","Form Name","Section Header","Field Type","Field Label","Choices, Calculations, OR Slider Labels","Field Note","Text Validation Type OR Show Slider Number","Text Validation Min","Text Validation Max",Identifier?,"Branching Logic (Show field only if...)","Required Field?","Custom Alignment","Question Number (surveys only)","Matrix Group Name","Matrix Ranking?","Field Annotation"
epilepsy_collectdate,epilepsy_screener,,text,"Collection date for epilepsy information:",,DD-MM-YYYY,date_dmy,,,,,y,,,,," @ONTOLOGY='NCIT:C81286'"
febrile_seizure,epilepsy_screener,"<p style=""text-align: left; font-size: 14pt;font-style: Calibri;""><strong>EPILEPSY SCREENER</strong></p>",yesno,"Has the participant ever had a seizure or convulsion caused by a high fever?	",,,,,,,,y,,,,," @ONTOLOGY='SCDO:0000440'"
seizure_disorder_epilepsy,epilepsy_screener,,radio,"Has the participant ever been diagnosed with a seizure disorder or epilepsy?	","1, Yes | 0, No",,,,,,,y,,,,," @ONTOLOGY='SCDO:0000440'"
epilepsy_symptoms,epilepsy_screener,,descriptive,"(If No) Has the participant ever experienced... ",,,,,,,[seizure_disorder_epilepsy]='1',,,,,,
daydreaming,epilepsy_screener,"<p style=""text-align: left; font-size: 14pt;font-style: Calibri;""><strong>EPILEPSY SCREENER</strong></p>",radio,"Daydreaming or staring into space more often than peers?","1, Yes | 0, No",,,,,,[seizure_disorder_epilepsy]='1',y,,,epilepsy,," @ONTOLOGY='SCDO:0000440'"
jerking_after_waking,epilepsy_screener,,radio,"Uncontrollable jerking or clumsiness, such as dropping things, shortly after waking up?","1, Yes | 0, No",,,,,,[seizure_disorder_epilepsy]='1',y,,,epilepsy,," @ONTOLOGY='SCDO:0000440'"
other_unusual_spells,epilepsy_screener,,radio,"Any other type of repeated unusual spells?","1, Yes | 0, No",,,,,,[seizure_disorder_epilepsy]='1',y,,,epilepsy,," @ONTOLOGY='SCDO:0000440'"
seizure_fit_convals,epilepsy_screener,,radio,"A seizure, convulsion, fit or spell under any circumstances?","1, Yes | 0, No",,,,,,[seizure_disorder_epilepsy]='1',y,,,epilepsy,," @ONTOLOGY='SCDO:0000440'"
spaced_out,epilepsy_screener,,radio,"An unexplained change in mental state or level of awareness; or an episode of ""spacing out"" that  could not be controlled?","1, Yes | 0, No",,,,,,[seizure_disorder_epilepsy]='1',y,,,epilepsy,," @ONTOLOGY='SCDO:0000440'"
uncontrolled_jerking,epilepsy_screener,,radio,"Uncontrolled movements of part or all of the body such as twitching, jerking, shaking or going limp?","1, Yes | 0, No",,,,,,[seizure_disorder_epilepsy]='1',y,,,epilepsy,," @ONTOLOGY='SCDO:0000440'"
unusual_body_moves,epilepsy_screener,,radio,"Unusual body movements or feelings when exposed to strobe lights, video games, flickering lights, or sun glare?","1, Yes | 0, No",,,,,,[seizure_disorder_epilepsy]='1',y,,,epilepsy,," @ONTOLOGY='SCDO:0000440'"
epilepsy_version,epilepsy_screener,,descriptive,"Epilepsy Screener  - Instrument Version 2.0 Released September 2022
H3ABioNet & H3Africa Phenotype Standards",,,,,,,,,,,,,
