"Variable / Field Name","Form Name","Section Header","Field Type","Field Label","Choices, Calculations, OR Slider Labels","Field Note","Text Validation Type OR Show Slider Number","Text Validation Min","Text Validation Max",Identifier?,"Branching Logic (Show field only if...)","Required Field?","Custom Alignment","Question Number (surveys only)","Matrix Group Name","Matrix Ranking?","Field Annotation"
vac_collect_date,vaccinations,,text,"Collection date of vaccination information:",,DD-MM-YYYY,date_dmy,,,,,y,,,,," @ONTOLOGY='NCIT:C81286'"
covid_19_vacc,vaccinations,"<p style=""text-align: left; font-size: 14pt;font-style: Calibri;""><strong>VACCINATIONS</strong></p>

Has the participant received any of the following vaccinations?",radio,COVID-19?,"1, Yes | 0, No | -992, Don't know",,,,,,,y,,,vaccinations,," @ONTOLOGY='VO:0004908'"
cholera_vacc,vaccinations,,radio,Cholera?,"1, Yes | 0, No | -992, Don't know",,,,,,,y,,,vaccinations,," @ONTOLOGY='DRON:00013575'"
diphtheria_vacc,vaccinations,,radio,Diphtheria?,"1, Yes | 0, No | -992, Don't know",,,,,,,y,,,vaccinations,," @ONTOLOGY='VO:0000738'"
ebola_vacc,vaccinations,,radio,Ebola?,"1, Yes | 0, No | -992, Don't know",,,,,,,y,,,vaccinations,," @ONTOLOGY='VO:0000726'"
hep_b_vacc,vaccinations,,radio,"Hepatitis B?","1, Yes | 0, No | -992, Don't know",,,,,,,y,,,vaccinations,," @ONTOLOGY='DRON:00017209'"
hpv_vacc,vaccinations,,radio,HPV?,"1, Yes | 0, No | -992, Don't know",,,,,,,y,,,vaccinations,," @ONTOLOGY='NCIT:C1951'"
malaria_vacc,vaccinations,,radio,Malaria?,"1, Yes | 0, No | -992, Don't know",,,,,,,y,,,vaccinations,," @ONTOLOGY='VO:0000761'"
measles_vacc,vaccinations,,radio,Measles?,"1, Yes | 0, No | -992, Don't know",,,,,,,y,,,vaccinations,," @ONTOLOGY='VO:0000731'"
mumps_vacc,vaccinations,,radio,Mumps?,"1, Yes | 0, No | -992, Don't know",,,,,,,y,,,vaccinations,," @ONTOLOGY='VO:0000731'"
pertussis_whoop_vacc,vaccinations,,radio,"Pertussis/Whooping Cough?","1, Yes | 0, No | -992, Don't know",,,,,,,y,,,vaccinations,," @ONTOLOGY='VO:0000738'"
pcv_vacc,vaccinations,,radio,"Pneumococcal (PCV)?","1, Yes | 0, No | -992, Don't know",,,,,,,y,,,vaccinations,," @ONTOLOGY='NCIT:C97123'"
polio_vacc,vaccinations,,radio,Polio?,"1, Yes | 0, No | -992, Don't know",,,,,,,y,,,vaccinations,," @ONTOLOGY='VO:0000664'"
rotavirus_vacc,vaccinations,,radio,Rotavirus?,"1, Yes | 0, No | -992, Don't know",,,,,,,y,,,vaccinations,," @ONTOLOGY='VO:0000658'"
rubella_vacc,vaccinations,,radio,Rubella?,"1, Yes | 0, No | -992, Don't know",,,,,,,y,,,vaccinations,," @ONTOLOGY='VO:0000731'"
smallpox_vacc,vaccinations,,radio,Smallpox?,"1, Yes | 0, No | -992, Don't know",,,,,,,y,,,vaccinations,," @ONTOLOGY='VO:0004613'"
tetanus_vacc,vaccinations,,radio,Tetanus?,"1, Yes | 0, No | -992, Don't know",,,,,,,y,,,vaccinations,," @ONTOLOGY='VO:0000738'"
tuberculosis_vacc,vaccinations,,radio,Tuberculosis?,"1, Yes | 0, No | -992, Don't know",,,,,,,y,,,vaccinations,," @ONTOLOGY='VO:0000077'"
typhoid_vacc,vaccinations,,radio,Typhoid?,"1, Yes | 0, No | -992, Don't know",,,,,,,y,,,vaccinations,," @ONTOLOGY='VO:0000514'"
yellow_fever_vacc,vaccinations,,radio,"Yellow fever?","1, Yes | 0, No | -992, Don't know",,,,,,,y,,,vaccinations,," @ONTOLOGY='VO:0000123'"
other_vaccinations,vaccinations,,radio,Other?,"1, Yes | 0, No | -992, Don't know",,,,,,,y,,,vaccinations,,
other_vacc_details,vaccinations,,text,"(If Other) Specify other vaccinations received:",,,,,,,[other_vaccinations]='1',y,,,,,
vaccinations_version,vaccinations,,descriptive,"Vaccinations  - Instrument Version 2.0 Released September 2022
H3ABioNet & H3Africa Phenotype Standards",,,,,,,,,,,,,
