"Variable / Field Name","Form Name","Section Header","Field Type","Field Label","Choices, Calculations, OR Slider Labels","Field Note","Text Validation Type OR Show Slider Number","Text Validation Min","Text Validation Max",Identifier?,"Branching Logic (Show field only if...)","Required Field?","Custom Alignment","Question Number (surveys only)","Matrix Group Name","Matrix Ranking?","Field Annotation"
caffeine_collectdate,caffeine_intake,,text,"Collection date of caffeine intake information:",,DD-MM-YYYY,date_dmy,,,,,y,,,,," @ONTOLOGY='NCIT:C81286'"
desc_caffeine_intake,caffeine_intake,"<p style=""text-align: left; font-size: 14pt;font-style: Calibri;""><strong>CAFFEINE INTAKE</strong></p>",descriptive,"For each of the following:",,,,,,,,,,,,,
caf_sodas_freq,caffeine_intake,,radio,"Caffeinated Sodas: How often does the participant consume this type of beverage?
","1, Usually (>4 days a week) | 2, Sometimes (1-4 days a week) | 3, Rarely (< 3 days a month) | 4, Never",,,,,,,y,,,,," @ONTOLOGY='NCIT:C168215'"
instant_coffee_freq,caffeine_intake,,radio," Caffeinated Instant Coffee: How often does the participant consume this type of beverage?
","1, Usually (>4 days a week) | 2, Sometimes (1-4 days a week) | 3, Rarely (< 3 days a month) | 4, Never",,,,,,,y,,,,," @ONTOLOGY='NCIT:C168215'"
instant_coffee_size,caffeine_intake,,radio," Caffeinated Instant Coffee: Cup Size?
 ","1, S (120-270ml) | 2, M (270-290ml) | 3, L (350-450ml) | 4, XL (>500ml)",,,,,,[instant_coffee_freq]<>'4',y,,,,," @ONTOLOGY='NCIT:C168215'"
brewed_coffee_freq,caffeine_intake,,radio,"  Caffeinated Brewed Coffee: How often does the participant consume this type of beverage?
","1, Usually (>4 days a week) | 2, Sometimes (1-4 days a week) | 3, Rarely (< 3 days a month) | 4, Never",,,,,,,y,,,,," @ONTOLOGY='NCIT:C168215'"
brew_coffee_size,caffeine_intake,,radio," Caffeinated Brewed Coffee: Cup Size?","1, S (120-270ml) | 2, M (270-290ml) | 3, L (350-450ml) | 4, XL (>500ml)",,,,,,[brewed_coffee_freq]<>'4',y,,,,," @ONTOLOGY='NCIT:C168215'"
decaf_coffee_freq,caffeine_intake,,radio," Decaffeinated Coffee (instant or brewed): How often does the participant consume this type of beverage?
","1, Usually (>4 days a week) | 2, Sometimes (1-4 days a week) | 3, Rarely (< 3 days a month) | 4, Never",,,,,,,y,,,,," @ONTOLOGY='NCIT:C168215'"
decaf_coffee_size,caffeine_intake,,radio," Decaffeinated Coffee (instant or brewed): Cup Size?
","1, S (120-270ml) | 2, M (270-290ml) | 3, L (350-450ml) | 4, XL (>500ml)",,,,,,[decaf_coffee_freq]<>'4',y,,,,," @ONTOLOGY='NCIT:C168215'"
espresso_freq,caffeine_intake,,radio,"Caffeinated Espresso and Espresso Drinks: How often does the participant consume this type of beverage?
","1, Usually (>4 days a week) | 2, Sometimes (1-4 days a week) | 3, Rarely (< 3 days a month) | 4, Never",,,,,,,y,,,,," @ONTOLOGY='NCIT:C168215'"
espresso_size,caffeine_intake,,radio,"Caffeinated Espresso and Espresso Drinks: Cup Size?
","1, Single shot | 2, Double shot | 3, Triple shot",,,,,,[espresso_freq]<>'4',y,,,,," @ONTOLOGY='NCIT:C168215'"
decaf_espresso_freq,caffeine_intake,,radio,"Decaffeinated Espresso and Espresso Drinks: How often does the participant consume this type of beverage?
","1, Usually (>4 days a week) | 2, Sometimes (1-4 days a week) | 3, Rarely (< 3 days a month) | 4, Never",,,,,,,y,,,,," @ONTOLOGY='NCIT:C168215'"
decaf_espresso_size,caffeine_intake,,radio,"Decaffeinated Espresso and Espresso Drinks: Cup Size?","1, Single shot | 2, Double shot | 3, Triple shot",,,,,,[decaf_coffee_freq]<>'4',y,,,,," @ONTOLOGY='NCIT:C168215'"
herbal_tea_freq,caffeine_intake,,radio," Herbal Tea: How often does the participant consume this type of beverage?
","1, Usually (>4 days a week) | 2, Sometimes (1-4 days a week) | 3, Rarely (< 3 days a month) | 4, Never",,,,,,,y,,,,," @ONTOLOGY='NCIT:C168215'"
herbal_tea_size,caffeine_intake,,radio," Herbal Tea: Cup Size?
","1, S (120-270ml) | 2, M (270-290ml) | 3, L (350-450ml) | 4, XL (>500ml)",,,,,,[herbal_tea_freq]<>'4',y,,,,," @ONTOLOGY='NCIT:C168215'"
green_tea_freq,caffeine_intake,,radio," Green Tea: How often does the participant consume this type of beverage?","1, Usually (>4 days a week) | 2, Sometimes (1-4 days a week) | 3, Rarely (< 3 days a month) | 4, Never",,,,,,,y,,,,," @ONTOLOGY='NCIT:C168215'"
green_tea_size,caffeine_intake,,radio,"Green Tea: Cup Size?
","1, S (120-270ml) | 2, M (270-290ml) | 3, L (350-450ml) | 4, XL (>500ml)",,,,,,[green_tea_freq]<>'4',y,,,,," @ONTOLOGY='NCIT:C168215'"
black_tea_freq,caffeine_intake,,radio," Black Tea: How often does the participant consume this type of beverage?
","1, Usually (>4 days a week) | 2, Sometimes (1-4 days a week) | 3, Rarely (< 3 days a month) | 4, Never",,,,,,,y,,,,," @ONTOLOGY='NCIT:C168215'"
black_tea_size,caffeine_intake,,radio,"Black Tea: Cup Size?
","1, S (120-270ml) | 2, M (270-290ml) | 3, L (350-450ml) | 4, XL (>500ml)",,,,,,[black_tea_freq]<>'4',y,,,,," @ONTOLOGY='NCIT:C168215'"
eng_tea_freq,caffeine_intake,,radio," English Tea: How often does the participant consume this type of beverage?
","1, Usually (>4 days a week) | 2, Sometimes (1-4 days a week) | 3, Rarely (< 3 days a month) | 4, Never",,,,,,,y,,,,," @ONTOLOGY='NCIT:C168215'"
eng_tea_size,caffeine_intake,,radio,"English Tea: Cup Size?
","1, S (120-270ml) | 2, M (270-290ml) | 3, L (350-450ml) | 4, XL (>500ml)",,,,,,[eng_tea_freq]<>'4',y,,,,," @ONTOLOGY='NCIT:C168215'"
rooibos_tea_freq,caffeine_intake,,radio," Rooibos Tea: How often does the participant consume this type of beverage?
","1, Usually (>4 days a week) | 2, Sometimes (1-4 days a week) | 3, Rarely (< 3 days a month) | 4, Never",,,,,,,y,,,,," @ONTOLOGY='NCIT:C168215'"
rooibos_tea_size,caffeine_intake,,radio,"Rooibos Tea: Cup Size?
","1, S (120-270ml) | 2, M (270-290ml) | 3, L (350-450ml) | 4, XL (>500ml)",,,,,,[rooibos_tea_freq]<>'4',y,,,,," @ONTOLOGY='NCIT:C168215'"
caffeine_version,caffeine_intake,,descriptive,"Caffeine Intake - Instrument Version 2.0 Released September 2022
H3ABioNet & H3Africa Phenotype Standards",,,,,,,,,,,,,
