"Variable / Field Name","Form Name","Section Header","Field Type","Field Label","Choices, Calculations, OR Slider Labels","Field Note","Text Validation Type OR Show Slider Number","Text Validation Min","Text Validation Max",Identifier?,"Branching Logic (Show field only if...)","Required Field?","Custom Alignment","Question Number (surveys only)","Matrix Group Name","Matrix Ranking?","Field Annotation"
cvd_core_collectdate,cardiovascular_disease_core,,text,"Collection date for cardiovascular disease information:",,DD-MM-YYYY,date_dmy,,,,[agecalc]>18,y,,,,," @ONTOLOGY='NCIT:C81286'"
atrialfib,cardiovascular_disease_core,"<p style=""text-align: left; font-size: 14pt;font-style: Calibri;""><strong>ARRYTHMIA</strong></p>",yesno,"Has a doctor or healthcare worker ever told the participant they have a heart rhythm problem called atrial fibrillation?",,,,,,,[agecalc]>18,y,,,,," @ONTOLOGY='HP:0005110'"
atrialfib_date,cardiovascular_disease_core,,text,"(If Yes) Provide date of diagnosis:",,DD-MM-YYYY,date_dmy,,,,"[atrialfib] = '1' and [agecalc]>18",y,,,,," @ONTOLOGY='EFO:0004953'"
atrialfib_hosp,cardiovascular_disease_core,,yesno,"Did the participant go to a hospital/clinic or see a doctor regarding the matter?",,,,,,,"[atrialfib] = '1' and [agecalc]>18",y,,,,," @ONTOLOGY='SCDO_0000573'"
pacemaker,cardiovascular_disease_core,,yesno,"Has the participant had a permanent pacemaker inserted?",,,,,,,[agecalc]>18,y,,,,," @ONTOLOGY='NCIT:C80434'"
pacemaker_yr,cardiovascular_disease_core,,text,"(If Yes) What year was the participant's pacemaker inserted?",,YYYY,integer,1940,2022,,"[pacemaker] = '1' and [agecalc]>18",y,,,,," @ONTOLOGY='NCIT:C80434'"
anticoagul,cardiovascular_disease_core,"Is the participant taking any of the cardiovascular medications below:",radio,"Anticoagulants (e.g. Coumadin; Warfarin; etc.)","1, Yes now | 2, Yes not now | 0, No",,,,,,[agecalc]>18,y,,,cardio_drugs,," @ONTOLOGY='MAXO:0000178'"
antiarrhthy,cardiovascular_disease_core,,radio,"Antiarrhythmics (e.g. Quinidine; Procainamide; Norpace; Disopyramide; etc.)","1, Yes now | 2, Yes not now | 0, No",,,,,,[agecalc]>18,y,,,cardio_drugs,," @ONTOLOGY='MAXO:0000185'"
rheumfever,cardiovascular_disease_core,"<p style=""text-align: left; font-size: 14pt;font-style: Calibri;""><strong>RHEUMATIC FEVER/RHEUMATIC HEART DISEASE</strong></p>",yesno,"Has a doctor or healthcare worker ever told the participant they have rheumatic fever (inflammatory rheumatisim)?",,,,,,,[agecalc]>18,y,,,,," @ONTOLOGY='EFO:1001161'"
rheumpastyr,cardiovascular_disease_core,,yesno,"(If Yes) Has the participant had it in the past 12 months?",,,,,,,"[rheumfever] = '1' and [agecalc]>18",y,,,,," @ONTOLOGY='EFO:1001161'"
rheummeds,cardiovascular_disease_core,,yesno,"Is the participant taking any medication for it?",,,,,,,"[rheumfever] = '1' and [agecalc]>18",y,,,,," @ONTOLOGY='NCIT:C168325'"
rheumspecifics,cardiovascular_disease_core,,text,"(If Yes) Specify the medication being used:",,,,,,,"[rheummeds] = '1' and [agecalc]>18",y,,,,," @ONTOLOGY='NCIT:C168325'"
cvd_core,cardiovascular_disease_core,,descriptive,"Cardiovascular Disease - Core Instrument Version 2.0 Released September 2022
H3ABioNet & H3Africa Phenotype Standards",,,,,,,,,,,,,
