"Variable / Field Name","Form Name","Section Header","Field Type","Field Label","Choices, Calculations, OR Slider Labels","Field Note","Text Validation Type OR Show Slider Number","Text Validation Min","Text Validation Max",Identifier?,"Branching Logic (Show field only if...)","Required Field?","Custom Alignment","Question Number (surveys only)","Matrix Group Name","Matrix Ranking?","Field Annotation"
physactive_collectdate,physical_activity,,text,"Collection date of physical activity information:",,DD-MM-YYYY,date_dmy,,,,,y,,,,," @ONTOLOGY='NCIT:C81286'"
vigorous_activity,physical_activity,"<p style=""text-align: left; font-size: 14pt;font-style: Calibri;""><strong>PHYSICAL ACTIVITY AT WORK</strong></p>",yesno,"Does the participant's work involve vigorous-intensity activity that causes large increases in breathing or heart rate (e.g. carrying or lifting heavy loads, digging or construction work) for at least 10 minutes continuously? 	
",,,,,,,[agecalc]>18,y,,,,," @ONTOLOGY='ONS:000005'"
vigorous_activity_days,physical_activity,,text,"(If YES) In a typical week, on how many days does the participant do vigorous-intensity activities at work?	
",,"Number of days.",integer,0,7,,"[agecalc]>18 and [vigorous_activity]='1'",y,,,,," @ONTOLOGY='ONS:000005'"
vigorous_activity_time,physical_activity,,text,"(IF YES) How much time does the participant spend doing vigorous-intensity activities at work on a typical day?	
",,"In hours.",integer,0,24,,"[agecalc]>18 and [vigorous_activity]='1'",,,,,," @ONTOLOGY='ONS:000005'"
moderate_activity,physical_activity,,yesno,"Does the participant's work involve moderate-intensity activity that causes small increases in breathing or heart rate (e.g. brisk walking or carrying light loads) for at least 10 minutes continuously? 	
",,,,,,,[agecalc]>18,y,,,,," @ONTOLOGY='ONS:000005'"
moderate_activity_days,physical_activity,,text,"(If YES) In a typical week, on how many days does the participant do moderate-intensity activity at work?	
",,"Number of days.",integer,0,7,,"[agecalc]>18 and [moderate_activity]='1'",,,,,," @ONTOLOGY='ONS:000005'"
moderate_activity_time,physical_activity,,text,"(IF YES) How much time does the participant spend doing moderate-intensity activities at work on a typical day?	
",,"In hours.",integer,0,24,,"[agecalc]>18 and [moderate_activity]='1'",,,,,," @ONTOLOGY='ONS:000005'"
walk_bike_travel,physical_activity,"<p style=""text-align: left; font-size: 14pt;font-style: Calibri;""><strong>PHYSICAL ACTIVITY DURING WORK/SCHOOL TRAVEL</strong></p>",yesno,"Does the participant walk or use a bicycle (pedal cycle) for at least 10 minutes continuously to get to and from places?	
",,,,,,,,y,,,,," @ONTOLOGY='ONS:000005'"
walk_bike_travel_days,physical_activity,,text,"(If YES) In a typical week, on how many days does the participant walk or bicycle for at least 10 minutes continuously to get to and from places?	
",,"Number of days.",integer,0,7,,[walk_bike_travel]='1',y,,,,," @ONTOLOGY='ONS:000005'"
walk_bike_travel_time,physical_activity,,text,"(IF YES) How much time does the participant spend walking or bicycling for travel on a typical day?	
",,"In hours.",integer,0,24,,[walk_bike_travel]='1',y,,,,," @ONTOLOGY='ONS:000005'"
vigorous_sports,physical_activity,"<p style=""text-align: left; font-size: 14pt;font-style: Calibri;""><strong>RECREATIONAL PHYSICAL ACTIVITY</strong></p>",yesno,"Does the participant do any vigorous-intensity sports, fitness or recreational (leisure) activities that cause large increases in breathing or heart rate (e.g. running or football) for at least 10 minutes continuously?	
",,,,,,,,y,,,,," @ONTOLOGY='ONS:000005'"
vigorous_sports_days,physical_activity,,text,"(If YES) In a typical week, on how many days does the participant do vigorous-intensity sports, fitness or recreational (leisure) activities?	
",,"Number of days.",integer,0,7,,[vigorous_sports]='1',y,,,,," @ONTOLOGY='ONS:000005'"
vigorous_sports_time,physical_activity,,text,"(IF YES) How much time does the participant spend doing vigorous-intensity sports, fitness or recreational activities on a typical day?	
",,"In hours.",integer,0,24,,[vigorous_sports]='1',y,,,,," @ONTOLOGY='ONS:000005'"
moderate_sports,physical_activity,,yesno,"Does the participant do any moderate-intensity sports, fitness or recreational (leisure) activities that cause a small increase in breathing or heart rate (e.g. brisk walking, cycling, swimming, volleyball) for at least 10 minutes continuously?	
",,,,,,,,y,,,,," @ONTOLOGY='ONS:000005'"
moderate_sports_days,physical_activity,,text,"(If YES) In a typical week, on how many days does the participant do moderate-intensity sports, fitness or recreational (leisure) activities?	
",,"Number of days.",integer,0,7,,[moderate_sports]='1',y,,,,," @ONTOLOGY='ONS:000005'"
moderate_sports_time,physical_activity,,text,"(IF YES) How much time does the participant spend doing moderate-intensity sports, fitness or recreational (leisure) activities on a typical day?	
",,"In hours.",integer,0,24,,[moderate_sports]='1',y,,,,," @ONTOLOGY='ONS:000005'"
sedentary_time,physical_activity,"<p style=""text-align: left; font-size: 14pt;font-style: Calibri;""><strong>SEDENTARY LIFESTYLE</strong></p>",text,"How much time does the participant usually spend sitting or reclining on a typical day?	
",,"In hours.",integer,0,24,,,y,,,,," @ONTOLOGY='ONS:000005'"
physical_activity_version,physical_activity,,descriptive,"Physical Activity  - Instrument Version 2.0 Released September 2022
H3ABioNet & H3Africa Phenotype Standards",,,,,,,,,,,,,
