"Variable / Field Name","Form Name","Section Header","Field Type","Field Label","Choices, Calculations, OR Slider Labels","Field Note","Text Validation Type OR Show Slider Number","Text Validation Min","Text Validation Max",Identifier?,"Branching Logic (Show field only if...)","Required Field?","Custom Alignment","Question Number (surveys only)","Matrix Group Name","Matrix Ranking?","Field Annotation"
hiv_expose_collectdate,hiv_exposure,,text,"Collection date for HIV exposure information:",,DD-MM-YYYY,date_dmy,,,,,y,,,,," @ONTOLOGY='NCIT:C81286'"
blood_transfusion,hiv_exposure,"<p style=""text-align: left; font-size: 14pt;font-style: Calibri;""><strong>BLOOD TRANSFUSION</strong></p>",radio,"Has the participant ever had a blood transfusion?	","1, Yes | 0, No | -995, Refused",,,,,,,y,,,,," @ONTOLOGY='MAXO:0000756'"
blood_transfusion_age_1,hiv_exposure,,text,"(If Yes) At what age?	",,"Age in years.",integer,,,,,y,,,,," @ONTOLOGY='NCIT:C124440'"
hiv_blood_exposed,hiv_exposure,"<p style=""text-align: left; font-size: 14pt;font-style: Calibri;""><strong>PEP/PREP TREATMENT</strong></p>",radio,"Has the participant ever been exposed to the blood of a known HIV+ individual?	","1, Yes | 0, No | -995, Refused",,,,,,,y,,,,,
hiv_prep_received,hiv_exposure,,radio,"Has the participant ever been on Pre-exposure prophylaxis (PrEP) treatment?	","1, Yes | 0, No | -995, Refused",,,,,,,y,,,,," @ONTOLOGY='GSSO:001787'"
hiv_pep_received,hiv_exposure,,radio,"Has the participant ever been on Post-exposure prophylaxis (PEP) treatment?	","1, Yes | 0, No | -995, Refused",,,,,,,y,,,,," @ONTOLOGY='GSSO:003789'"
hiv_exposure_version,hiv_exposure,,descriptive,"HIV Exposure  - Instrument Version 2.0 Released September 2022
H3ABioNet & H3Africa Phenotype Standards",,,,,,,,,,,,,
