"Variable / Field Name","Form Name","Section Header","Field Type","Field Label","Choices, Calculations, OR Slider Labels","Field Note","Text Validation Type OR Show Slider Number","Text Validation Min","Text Validation Max",Identifier?,"Branching Logic (Show field only if...)","Required Field?","Custom Alignment","Question Number (surveys only)","Matrix Group Name","Matrix Ranking?","Field Annotation"
hiv_art_collectdate,hiv_treatment,,text,"Collection date for HIV treatment information:",,DD-MM-YYYY,date_dmy,,,,,y,,,,," @ONTOLOGY='NCIT:C81286'"
curr_hiv_tx,hiv_treatment,"<p style=""text-align: left; font-size: 14pt;font-style: Calibri;""><strong>HIV ARV TREATMENT</strong></p>",radio,"Is the participant currently on ART for HIV?	","1, Yes | 0, No | -995, Refused",,,,,,,y,,,,," @ONTOLOGY='NCIT_C94631'"
curr_hiv_tx_start,hiv_treatment,,text,"(If Yes) Treatment Start Date:	",,DD-MM-YYYY,date_dmy,,,,[curr_hiv_tx]='1',y,,,,," @ONTOLOGY='EUPATH:0023050'"
curr_hiv_tx_drugs,hiv_treatment,,text,"Specify current ART regimen:",BIOPORTAL:ATC,"ATC codes",,,,,[curr_hiv_tx]='1',y,,,,," @ONTOLOGY='NCIT_C94631'"
prev_hiv_tx,hiv_treatment,,radio,"Was the participant previously on ART for HIV?
(including regimen changes and ART interruptions)	","1, Yes | 0, No | -995, Refused",,,,,,,y,,,,," @ONTOLOGY='NCIT_C94631'"
prev_hiv_tx_stopdate,hiv_treatment,,text,"(If Yes) Previous ART stop date? 	",,DD_MM-YYYY,date_dmy,,,,[prev_hiv_tx]='1',y,,,,," @ONTOLOGY='NCIT:C164472'"
prev_hiv_tx_stop_rsn,hiv_treatment,,checkbox,"Reason/s for stopping previous ART?	","1, Abnormal fat redistribution | 2, Adverse drug reaction, unspecified | 3, Availability of more effective treatment | 4, Concern for cardiovascular disease | 5, Drug toxicity | 6, Participant defaulted | 7, Hypersensitivity reaction | 8, Structured Treatment Interruption (STI) | 9, Treatment failure | 777, Other",,,,,,[prev_hiv_tx]='1',y,,,,," @ONTOLOGY='NCIT:C102703'"
prev_hiv_tx_stop_other,hiv_treatment,,text,"(If Other) Specify other reason for stopping ART:	",,,,,,,"[prev_hiv_tx]='1' and [prev_hiv_tx_stop_rsn(777)]='1'",y,,,,," @ONTOLOGY='NCIT:C102703'"
hiv_art_version,hiv_treatment,,descriptive,"HIV Treatment  - Instrument Version 2.0 Released September 2022
H3ABioNet & H3Africa Phenotype Standards",,,,,,,,,,,,,
