"Variable / Field Name","Form Name","Section Header","Field Type","Field Label","Choices, Calculations, OR Slider Labels","Field Note","Text Validation Type OR Show Slider Number","Text Validation Min","Text Validation Max",Identifier?,"Branching Logic (Show field only if...)","Required Field?","Custom Alignment","Question Number (surveys only)","Matrix Group Name","Matrix Ranking?","Field Annotation"
sanitation_colldate,sanitation,,text,"Collection date of sanitation information:",,DD-MM-YYYY,date_dmy,,,,,y,,,,," @ONTOLOGY='NCIT:C81286'"
toliet_location,sanitation,"<p style=""text-align: left; font-size: 14pt;font-style: Calibri;""><strong>SANITATION</strong></p>",radio,"Where is the participant's household's toilet facility located?	
","1, Inside the household dwelling | 2, In the household's yard/plot | 3, Outside the household plot",,,,,,,y,,,,," @ONTOLOGY='OMIT:0028339'"
toilet_type,sanitation,,radio,"What is the main type of toilet facility used by the participant's household?	
","1, Bucket | 2, Composting toilet | 3, Container-based sanitation | 4, Dry pit toilet | 5, Flush toilet | 6, Hanging toilet | 7, None/Bush/Field",,,,,,,y,,,,," @ONTOLOGY='OMIT:0028339'"
toilet_shared,sanitation,,yesno,"Does the participant's household share this facility with others who are not members of their household?	
",,,,,,,,y,,,,," @ONTOLOGY='OMIT:0028339'"
sewage_connection,sanitation,,yesno,"Does the participant's household have a sewage connection?	
",,,,,,,,y,,,,," @ONTOLOGY='OMIT:0028339'"
waste_removal,sanitation,,radio,"(If No) How is the participant's household waste/rubbish removed?	
","1, Removed by service provider | 2, Emptied by household | 777, Other",,,,,,,y,,,,," @ONTOLOGY='OMIT:0028339'"
waste_removal_other,sanitation,,text,"(If Other) Specify method of waste removal:",,,,,,,[waste_removal]='777',y,,,,," @ONTOLOGY='OMIT:0028339'"
sanitation_version,sanitation,,descriptive,"Sanitation  - Instrument Version 2.0 Released September 2022
H3ABioNet & H3Africa Phenotype Standards",,,,,,,,,,,,,
