"Variable / Field Name","Form Name","Section Header","Field Type","Field Label","Choices, Calculations, OR Slider Labels","Field Note","Text Validation Type OR Show Slider Number","Text Validation Min","Text Validation Max",Identifier?,"Branching Logic (Show field only if...)","Required Field?","Custom Alignment","Question Number (surveys only)","Matrix Group Name","Matrix Ranking?","Field Annotation"
prestroke_collectdate,prestroke_reduction_strategies,,text,"Collection date of pre-stroke risk reduction strategies:",,DD-MM-YYYY,date_dmy,,,,,y,,,,," @ONTOLOGY='NCIT:C81286'"
stroke_risk_reduct_used,prestroke_reduction_strategies,"<p style=""text-align: left; font-size: 14pt;font-style: Calibri;""><strong>PRE-STROKE RISK REDUCTION STRATEGIES</strong></p>",radio,"Has the participant ever employed risk reduction strategies to prevent stroke?	","1, Yes | 0, No",,,,,,,y,,,,," @ONTOLOGY='D011322'"
stroke_risk_reductions,prestroke_reduction_strategies,,checkbox,"(If Yes) Specify stroke risk reduction strategies employed:	","1, Antiarrhythmics | 2, Anticoagulant therapy | 3, Antidiabetics | 4, Antihypertensive drug therapy | 5, Antilipids | 6, Antiplatelet therapy | 7, Smoking Cessation | 8, Dietary changes | 9, Physical Activity changes | 10, Statin therapy | 11, Surgical Procedure | 777, Other",,,,,,[stroke_risk_reduct_used]='1',y,,,,," @ONTOLOGY='D011322'"
stroke_risk_reduct_other,prestroke_reduction_strategies,,text,"(If Other) Specify other stroke risk reduction strategies employed:	",,,,,,,[stroke_risk_reductions(777)]='1',y,,,,," @ONTOLOGY='D011322'"
prestroke_version,prestroke_reduction_strategies,,descriptive,"Pre-Stroke Risk Reduction Strategies - Instrument Version 2.0 Released September 2022
H3ABioNet & H3Africa Phenotype Standards",,,,,,,,,,,,,
