"Variable / Field Name","Form Name","Section Header","Field Type","Field Label","Choices, Calculations, OR Slider Labels","Field Note","Text Validation Type OR Show Slider Number","Text Validation Min","Text Validation Max",Identifier?,"Branching Logic (Show field only if...)","Required Field?","Custom Alignment","Question Number (surveys only)","Matrix Group Name","Matrix Ranking?","Field Annotation"
birth_hist_colldate,participant_birth_history,,text,"Collection date for participant birth history:",,DD-MM-YYYY,date_dmy,,,,,y,,,,," @ONTOLOGY='NCIT:C81286'"
mother_preg_illness,participant_birth_history,"<p style=""text-align: left; font-size: 14pt;font-style: Calibri;""><strong>PARTICIPANT BIRTH HISTORY</strong></p>",yesno,"Did the participant's birth mother have any illnesses during pregnancy? 	",,,,,,,,y,,,,," @ONTOLOGY='N0000002478'"
mother_illness_type,participant_birth_history,,checkbox,"(If Yes) Specify type of illness/es during pregnancy:	","1, Chronic Hypertension | 2, Diabetes Mellitus Type 1 | 3, Diabetes Mellitus Type 2 | 4, Epilepsy | 5, Gestational Diabetes | 6, HIV/AIDS | 7, Pregnancy induced hypertension | 8, Thyroid Dysfunction | 777, Other",,,,,,,y,,,,," @ONTOLOGY='N0000002478'"
mother_illness_other,participant_birth_history,,text,"(If Other) Specify other type of illness/es during pregnancy:	",,,,,,,[mother_illness_type(777)]='1',y,,,,," @ONTOLOGY='N0000002478'"
mother_pregvaccine,participant_birth_history,,yesno,"Did the participant's birth mother receive any vaccinations during pregnancy?	",,,,,,,,y,,,,," @ONTOLOGY='SCDO:0000740'"
mother_pregmeds,participant_birth_history,,yesno,"Did the participant's birth mother take any medication during pregnancy?	",,,,,,,,y,,,,," @ONTOLOGY='SCDO:0000740'"
mother_pregmeds_type,participant_birth_history,,checkbox,"(If Yes) Specify type/s of medication used during pregnancy:	","1, Anti-convulsants | 7, Anti-depressants | 8, Anti-anxiety | 9, Antibiotics | 2, Anti-hypertensives | 3, Anti-microbials | 4, Anti-retrovirals | 5, Anti-thyroids | 6, Anti-inflammatory | 777, Other",,,,,,[mother_pregmeds]='1',y,,,,," @ONTOLOGY='SCDO:0000740'"
mother_meds_other,participant_birth_history,,text,"(If Other) Specify other type of medication used during pregnancy:	",,,,,,,[mother_pregmeds_type(777)]='1',y,,,,," @ONTOLOGY='SCDO:0000740'"
mother_pregsmoked,participant_birth_history,,yesno,"Did the participant's birth mother smoke cigarettes during pregnancy?	",,,,,,,,y,,,,," @ONTOLOGY='SCDO:0000235'"
mother_pregalcohol,participant_birth_history,,yesno,"Did the participant's birth mother consume alcohol during pregnancy?	",,,,,,,,y,,,,," @ONTOLOGY='GSSO:006602'"
mother_pregsubstances,participant_birth_history,,yesno,"Did the participant's birth mother use illicit substances during pregnancy?	",,,,,,,,y,,,,," @ONTOLOGY='NCIT:C168265'"
mother_substance_type,participant_birth_history,,checkbox,"(If Yes) Specify substances used during pregnancy:","1, Sedatives or tranquilizers | 2, Painkillers | 3, Marijuana | 4, Cocaine or crack | 5, Stimulants | 6, Club drugs | 7, Hallucinogens | 8, Inhalants or solvents | 9, Heroin | 777, Other",,,,,,[mother_pregsubstances]='1',y,,,,," @ONTOLOGY='NCIT:C168265'"
mother_substance_other,participant_birth_history,,text,"(If Other) Specify other substances used during pregnancy:",,,,,,,[mother_substance_type(777)]='1',y,,,,," @ONTOLOGY='NCIT:C168265'"
mother_pregtoxins,participant_birth_history,,yesno,"Was the participant's birth mother exposed to any environmental or work related toxins during pregnancy?	",,,,,,,,y,,,,," @ONTOLOGY='NCIT:C16929'"
mother_pregtoxins_type,participant_birth_history,,checkbox,"(If Yes) Specify environmental or work toxins exposed to during pregnancy:	","1, Arsenic | 2, Lead | 3, Mercury | 4, Nickel | 5, Oil-based paints | 6, Organic paint thinners | 7, Pesticides | 8, Solvents | 777, Other",,,,,,[mother_pregtoxins]='1',y,,,,," @ONTOLOGY='NCIT:C16929'"
mother_pregtoxins_other,participant_birth_history,,text,"(If Other) Specify other environmental or work toxins exposed to during pregnancy:	",,,,,,,[mother_pregtoxins_type(777)]='1',y,,,,," @ONTOLOGY='NCIT:C16929'"
mother_pregxrays,participant_birth_history,,yesno,"Did the participant's birth mother have medical X-Rays conducted during pregnancy?	",,,,,,,,y,,,,," @ONTOLOGY='SCDO:0000963'"
mother_pregctscan,participant_birth_history,,yesno,"Did the participants birth mother have a CT scan conducted during pregnancy?	",,,,,,,,y,,,,," @ONTOLOGY='EFO:0003960'"
mother_ultrasounds,participant_birth_history,,yesno,"Did the participant's birth mother have ultrasound scans done during pregnancy?",,,,,,,,y,,,,," @ONTOLOGY='NCIT:C64384'"
mother_ultrasound_find,participant_birth_history,,radio,"(If Yes) Specify ultrasound findings:	","1, Abnormalities or irregularities detected | 0, No abnormalities or irregularities detected",,,,,,[mother_ultrasounds]='1',y,,,,," @ONTOLOGY='NCIT:C64384'"
mother_ultrasound_abnormal,participant_birth_history,,text,"(If abnormalities or irregularities detected) Specify ultrasound findings:",,,,,,,[mother_ultrasound_find]='1',y,,,,," @ONTOLOGY='NCIT:C64384'"
mother_pregbleed,participant_birth_history,,yesno,"Did the participant's birth mother experience any bleeding during pregnancy?",,,,,,,,y,,,,," @ONTOLOGY='NCIT:C92913'"
mother_pregbleed_tri,participant_birth_history,,radio,"(If Yes) Specify the trimester during which bleeding was experienced:	","1, 1st trimester | 2, 2nd trimester | 3, 3rd trimester",,,,,,[mother_pregbleed]='1',y,,,,," @ONTOLOGY='NCIT:C92913'"
gest_age,participant_birth_history,,text,"What was the participant's gestational age at birth?	",,"Provide gestational age in weeks.",integer,22,42,,,y,,,,," @ONTOLOGY='NCIT:C92913'"
neonatal_care,participant_birth_history,,yesno,"Was intensive/special neonatal care required?	",,,,,,,,y,,,,," @ONTOLOGY='OMIT:0016543'"
neonatal_days,participant_birth_history,,text,"(If Yes) What number of days were spent in intensive/neonatal care?	",,"Number of days.",integer,1,,,[neonatal_care]='1',y,,,,," @ONTOLOGY='OMIT:0016543'"
neonatal_care_rsn,participant_birth_history,,checkbox,"(If Yes) What was the reason for intensive care?	","1, Cardiac anomalies | 2, Feeding difficulties | 3, Hypoxic Ischaemic Encephalopathy | 4, Neonatal sepsis | 5, Prematurity | 6, Respiratory difficulties | 777, Other",,,,,,[neonatal_care]='1',y,,,,," @ONTOLOGY='OMIT:0016543'"
neonatal_care_other,participant_birth_history,,text,"(If Other) Specify other reason for intensive care:",,,,,,,[neonatal_care_rsn(777)]='1',y,,,,," @ONTOLOGY='OMIT:0016543'"
birth_history_version,participant_birth_history,,descriptive,"Participant Birth History  - Instrument Version 2.0 Released September 2022
H3ABioNet & H3Africa Phenotype Standards",,,,,,,,,,,,,
