"Variable / Field Name","Form Name","Section Header","Field Type","Field Label","Choices, Calculations, OR Slider Labels","Field Note","Text Validation Type OR Show Slider Number","Text Validation Min","Text Validation Max",Identifier?,"Branching Logic (Show field only if...)","Required Field?","Custom Alignment","Question Number (surveys only)","Matrix Group Name","Matrix Ranking?","Field Annotation"
occupational_haz_colldate,occupational_exposureshazards,,text,"Collection date of occupational exposures information:",,DD-MM-YYYY,date_dmy,,,,,y,,,,," @ONTOLOGY='NCIT:C81286'"
occ_exposures_desc,occupational_exposureshazards,"<p style=""text-align: left; font-size: 14pt;font-style: Calibri;""><strong>OCCUPATIONAL EXPOSURES / HAZARDS</strong></p>",descriptive,"Has the participant ever worked...",,,,,,,,,,,,,
quarry,occupational_exposureshazards,,radio,"In a quarry?","1, Yes | 2, No",,,,,,,y,,,occupation_exposure,," @ONTOLOGY='NCIT:C157151'"
foundry,occupational_exposureshazards,,radio,"In a foundry?","1, Yes | 2, No",,,,,,,y,,,occupation_exposure,," @ONTOLOGY='NCIT:C157151'"
pottery,occupational_exposureshazards,,radio,"In a pottery?","1, Yes | 2, No",,,,,,,y,,,occupation_exposure,," @ONTOLOGY='NCIT:C157151'"
cotton_flax_hemp_mill,occupational_exposureshazards,,radio,"In a cotton, flax, or hemp mill?","1, Yes | 2, No",,,,,,,y,,,occupation_exposure,," @ONTOLOGY='NCIT:C157151'"
asbestos,occupational_exposureshazards,,radio,"With asbestos?","1, Yes | 2, No",,,,,,,y,,,occupation_exposure,," @ONTOLOGY='NCIT:C157151'"
diesel_diesel_exha,occupational_exposureshazards,,radio,"With diesel or diesel exhaust?","1, Yes | 2, No",,,,,,,y,,,occupation_exposure,," @ONTOLOGY='NCIT:C157151'"
sandblasting,occupational_exposureshazards,,radio,"In sandblasting?","1, Yes | 2, No",,,,,,,y,,,occupation_exposure,," @ONTOLOGY='NCIT:C157151'"
tunneling,occupational_exposureshazards,,radio,"In tunnelling?","1, Yes | 2, No",,,,,,,y,,,occupation_exposure,," @ONTOLOGY='NCIT:C157151'"
drilling,occupational_exposureshazards,,radio,"In drilling?","1, Yes | 2, No",,,,,,,y,,,occupation_exposure,," @ONTOLOGY='NCIT:C157151'"
other_dusty_jobs,occupational_exposureshazards,,radio,"In any other dusty jobs?","1, Yes | 2, No",,,,,,,y,,,occupation_exposure,," @ONTOLOGY='NCIT:C157151'"
fumes_exposure,occupational_exposureshazards,,yesno,"Has the participant ever been exposed to gas or chemical fumes in their work?	
",,,,,,,,y,,,,," @ONTOLOGY='ECTO:7000058'"
fumes_exposure_level,occupational_exposureshazards,,radio,"(If Yes) Was the chemical/gas exposure...	
","1, Mild | 2, Moderate | 3, Severe",,,,,,[fumes_exposure]='1',y,,,,," @ONTOLOGY='ECTO:7000058'"
insecticides_or_pesticides,occupational_exposureshazards,,yesno,"Has the participant ever worked with insecticides or pesticides?
",,,,,,,,y,,,,," @ONTOLOGY='ECTO:0000530'"
pesticides_yrs,occupational_exposureshazards,,text,"If yes, how many years has the participant worked with insecticides or pesticides?",,"In years.",integer,,,,,y,,,,," @ONTOLOGY='ECTO:0000530'"
occupational_haz_version,occupational_exposureshazards,,descriptive,"Occupational Exposures  - Instrument Version 2.0 Released September 2022
H3ABioNet & H3Africa Phenotype Standards",,,,,,,,,,,,,
