"Variable / Field Name","Form Name","Section Header","Field Type","Field Label","Choices, Calculations, OR Slider Labels","Field Note","Text Validation Type OR Show Slider Number","Text Validation Min","Text Validation Max",Identifier?,"Branching Logic (Show field only if...)","Required Field?","Custom Alignment","Question Number (surveys only)","Matrix Group Name","Matrix Ranking?","Field Annotation"
consang_collectdate,biological_parents_and_grandparents,,text,"Collection date for parent and grandparent information:",,DD-MM-YYYY,date_dmy,,,,,y,,,,," @ONTOLOGY='NCIT:C81286'"
parents_consanguinity,biological_parents_and_grandparents,"<p style=""text-align: left; font-size: 14pt;font-style: Calibri;""><strong>BIOLOGICAL PARENTS AND GRANDPARENTS</strong></p>",radio,"What is the degree of relatedness (consanguinity) between the participant's biological parents?	","1, First degree | 2, Second degree | 3, Third degree | 777, Other degree of relatedness | 0, Unrelated",,,,,,,y,,,,," @ONTOLOGY='OMIT:0004546'"
parents_consang_other,biological_parents_and_grandparents,,text,"(If Other) Specify other degree of relatedness (consanguinity) between the biological parents:",,,,,,,[parents_consanguinity]='777',y,,,,," @ONTOLOGY='OMIT:0004546'"
gparents_mat_consang,biological_parents_and_grandparents,,radio,"What is the degree of relatedness (consanguinity) between the participant's maternal biological grandparents?	","1, First degree | 2, Second degree | 3, Third degree | 777, Other degree of relatedness | 5, Unrelated",,,,,,,y,,,,," @ONTOLOGY='OMIT:0004546'"
gparents_pat_consang,biological_parents_and_grandparents,,radio,"What is the degree of relatedness (consanguinity) between the participant's paternal biological grandparents?	","1, First degree | 2, Second degree | 3, Third degree | 777, Other degree of relatedness | 0, Unrelated",,,,,,,y,,,,," @ONTOLOGY='OMIT:0004546'"
parents_preg_loss,biological_parents_and_grandparents,,yesno,"Have either of the participant's biological parents previously experienced pregnancy loss?	",,,,,,,,y,,,,," @ONTOLOGY='NCIT:C143236'"
num_parents_preg_loss,biological_parents_and_grandparents,,text,"(If Yes) How many pregnancy losses?	",,,integer,,,,[parents_preg_loss]='1',y,,,,," @ONTOLOGY='NCIT:C143236'"
consang_version,biological_parents_and_grandparents,,descriptive,"Parent and Grandparent  - Instrument Version 2.0 Released September 2022
H3ABioNet & H3Africa Phenotype Standards",,,,,,,,,,,,,
