"Variable / Field Name","Form Name","Section Header","Field Type","Field Label","Choices, Calculations, OR Slider Labels","Field Note","Text Validation Type OR Show Slider Number","Text Validation Min","Text Validation Max",Identifier?,"Branching Logic (Show field only if...)","Required Field?","Custom Alignment","Question Number (surveys only)","Matrix Group Name","Matrix Ranking?","Field Annotation"
record_id,essential_study_participant_details,,text,"Record ID:",,,,,,,,y,,,,,
screen_date,essential_study_participant_details,,text,"Date of screening visit (if applicable):",,DD-MM-YYYY,date_dmy,,,,,,,,,,
case_control,essential_study_participant_details,,radio,"Case or control participant?","1, Case | 2, Control",,,,,,,y,,,,,
adult_paed,essential_study_participant_details,,radio,"Is this a paediatric participant or an adult participant?","1, Adult | 2, Paediatric",,,,,,,y,,,,,
site,essential_study_participant_details,,text,"Study site participant recruited from:",,,,,,,,,,,,,
essential_version,essential_study_participant_details,,descriptive,"Essential Study Participant Details - Core Instrument Version 2.0 Released September 2022
H3ABioNet & H3Africa Phenotype Standards",,,,,,,,,,,,,
