"Variable / Field Name","Form Name","Section Header","Field Type","Field Label","Choices, Calculations, OR Slider Labels","Field Note","Text Validation Type OR Show Slider Number","Text Validation Min","Text Validation Max",Identifier?,"Branching Logic (Show field only if...)","Required Field?","Custom Alignment","Question Number (surveys only)","Matrix Group Name","Matrix Ranking?","Field Annotation"
alcexp_collectdate,alcohol_exposure_core,,text,"Collection date of alcohol exposure information:",,DD-MM-YYYY,date_dmy,,,,[agecalc]<19,y,,,,," @ONTOLOGY='NCIT:C81286'"
hhdrink,alcohol_exposure_core,"<p style=""text-align: left; font-size: 14pt;font-style: Calibri;""><strong>ALCOHOL EXPOSURE</strong></p>",yesno,"Does anyone in the participant's household drink alcohol?",,,,,,,[agecalc]<19,y,,,,," @ONTOLOGY='EFO:0009113'"
numhhdrink,alcohol_exposure_core,,text,"(If Yes) How many members in the household drink alcohol?",,,integer,,,,"[agecalc]<19 AND [hhdrink]=""1""",y,,,,," @ONTOLOGY='EFO:0009113'"
freq_hhdrink,alcohol_exposure_core,,radio,"(If Yes) How frequently do they drink alcohol?","1, Once, daily | 2, More than once, daily | 3, Weekly | 4, Infrequently",,,,,,"[agecalc]<19 AND [hhdrink]=""1""",y,,,,," @ONTOLOGY='EFO:0009113'"
alcohol_exposure_version,alcohol_exposure_core,,descriptive,"Alcohol Exposure - Core Instrument Version 2.0 Released September 2022
H3ABioNet & H3Africa Phenotype Standards",,,,,,,,,,,,,
