"Variable / Field Name","Form Name","Section Header","Field Type","Field Label","Choices, Calculations, OR Slider Labels","Field Note","Text Validation Type OR Show Slider Number","Text Validation Min","Text Validation Max",Identifier?,"Branching Logic (Show field only if...)","Required Field?","Custom Alignment","Question Number (surveys only)","Matrix Group Name","Matrix Ranking?","Field Annotation"
tryp_signs_collectdate,trypanosomiasis_signs_and_symptoms,,text,"Collection date of sleeping sickness signs and symptoms:",,DD-MM-YYYY,date_dmy,,,,,y,,,,," @ONTOLOGY='NCIT:C81286'"
confusion,trypanosomiasis_signs_and_symptoms,"<p style=""text-align: left; font-size: 14pt;font-style: Calibri;""><strong>TRYPANOSOMIASIS SIGNS AND SYMPTOMS</strong></p>",radio,Confusion:,"1, Yes (ongoing) | 2, Yes (previously) | 0, No | -992, Don't know",,,,,,,y,,,,," @ONTOLOGY='SYMP:0000016'"
fatigue_2,trypanosomiasis_signs_and_symptoms,,radio,Fatigue:,"1, Yes (ongoing) | 2, Yes (previously) | 0, No | -992, Don't know",,,,,,,y,,,,," @ONTOLOGY='SYMP:0019177'"
fever_2,trypanosomiasis_signs_and_symptoms,,radio,Fever:,"1, Yes (ongoing) | 2, Yes (previously) | 0, No | -992, Don't know",,,,,,,y,,,,," @ONTOLOGY='SYMP:0000613'"
headache_2,trypanosomiasis_signs_and_symptoms,,radio,Headache:,"1, Yes (ongoing) | 2, Yes (previously) | 0, No | -992, Don't know",,,,,,,y,,,,," @ONTOLOGY='SYMP:0000504'"
insomnia,trypanosomiasis_signs_and_symptoms,,radio,Insomnia:,"1, Yes (ongoing) | 2, Yes (previously) | 0, No | -992, Don't know",,,,,,,y,,,,," @ONTOLOGY='SYMP:0000571'"
irritability,trypanosomiasis_signs_and_symptoms,,radio,Irritability:,"1, Yes (ongoing) | 2, Yes (previously) | 0, No | -992, Don't know",,,,,,,y,,,,," @ONTOLOGY='SYMP:0000654'"
muscle_pain_2,trypanosomiasis_signs_and_symptoms,,radio,"Muscle pain:","1, Yes (ongoing) | 2, Yes (previously) | 0, No | -992, Don't know",,,,,,,y,,,,," @ONTOLOGY='SYMP:0019161'"
myalgia_joint_pain_2,trypanosomiasis_signs_and_symptoms,,radio,"Myalgia (joint pain):","1, Yes (ongoing) | 2, Yes (previously) | 0, No | -992, Don't know",,,,,,,y,,,,," @ONTOLOGY='NCIT:C27009'"
sleepiness,trypanosomiasis_signs_and_symptoms,,radio,Sleepiness:,"1, Yes (ongoing) | 2, Yes (previously) | 0, No | -992, Don't know",,,,,,,y,,,,," @ONTOLOGY='NCIT:C95746'"
sore_swollen_lymph_nodes,trypanosomiasis_signs_and_symptoms,,radio,"Sore/Swollen Lymph Nodes:","1, Yes (ongoing) | 2, Yes (previously) | 0, No | -992, Don't know",,,,,,,y,,,,," @ONTOLOGY='SYMP:0000521'"
rash,trypanosomiasis_signs_and_symptoms,,radio,Rash:,"1, Yes (ongoing) | 2, Yes (previously) | 0, No | -992, Don't know",,,,,,,y,,,,," @ONTOLOGY='SYMP:0000487'"
rash_type,trypanosomiasis_signs_and_symptoms,,radio,"(If Rash) Type of rash:","1, Purpura | 2, Urticaria | 3, Erythema | 4, Chilblains | 777, Other",,,,,,,y,,,,," @ONTOLOGY='SYMP:0000487'"
rash_type_other,trypanosomiasis_signs_and_symptoms,,text,"(If Other) Specify type of rash:",,,,,,,,y,,,,," @ONTOLOGY='SYMP:0000487'"
other_symptoms,trypanosomiasis_signs_and_symptoms,,radio,"Other symptom/s:","1, Yes | 0, No | -992, Don't know",,,,,,,y,,,,,
other_symptoms_specify,trypanosomiasis_signs_and_symptoms,,notes,"(If Other) Specify symptom/s:",,,,,,,,y,,,,,
tryp_symptoms_version,trypanosomiasis_signs_and_symptoms,,descriptive,"Sleeping Sickness Signs and Symptoms - Instrument Version 2.0 Released September 2022
H3ABioNet & H3Africa Phenotype Standards",,,,,,,,,,,,,
