"Variable / Field Name","Form Name","Section Header","Field Type","Field Label","Choices, Calculations, OR Slider Labels","Field Note","Text Validation Type OR Show Slider Number","Text Validation Min","Text Validation Max",Identifier?,"Branching Logic (Show field only if...)","Required Field?","Custom Alignment","Question Number (surveys only)","Matrix Group Name","Matrix Ranking?","Field Annotation"
preg_status_collectdate,current_pregnancy_status,,text,"Collection date of current pregnancy status:",,DD-MM-YYYY,date_dmy,,,,,y,,,,," @ONTOLOGY='NCIT:C81286'"
pregnant,current_pregnancy_status,"<p style=""text-align: left; font-size: 14pt;font-style: Calibri;""><strong>CURRENT PREGNANCY STATUS</strong></p>",yesno,"<div class=""rich-text-field-label""><p>Is the participant currently pregnant?</p></div>",,,,,,,"[sex]='2' AND [agecalc]>=12",y,,,,," @ONTOLOGY='NCIT:C124295'"
est_due_date,current_pregnancy_status,,text,"<div class=""rich-text-field-label""><p>(If Yes) Estimated due date:</p></div>",,DD-MM-YYYY,date_dmy,,,,"[sex]='2' AND [agecalc]>=12 and [pregnant]='1'",y,,,,," @ONTOLOGY='ONTONEO:00000076'"
gestational_wks,current_pregnancy_status,,text,"OR (If Yes) Assessed gestational weeks:",,"Number of gestational weeks.",integer,1,44,,"[sex]='2' AND [agecalc]>=12 and [pregnant]='1'",,,,,," @ONTOLOGY='EFO:0005112'"
num_foetuses_known,current_pregnancy_status,,yesno,"(If Yes) Is the number of fetuses known?",,,,,,,"[sex]='2' AND [agecalc]>=12 and [pregnant]='1'",y,,,,," @ONTOLOGY='NCIT:C124626'"
num_foetuses,current_pregnancy_status,,text,"(If Yes) Number of foetuses:",,,integer,1,9,,"[sex]='2' AND [agecalc]>=12 and [pregnant]='1' and [num_foetuses_known]='1'",y,,,,," @ONTOLOGY='NCIT:C124626'"
pregnancy_status_version,current_pregnancy_status,,descriptive,"Pregnancy Status  - Instrument Version 2.0 Released September 2022
H3ABioNet & H3Africa Phenotype Standards",,,,,,,,,,,,,
