"Variable / Field Name","Form Name","Section Header","Field Type","Field Label","Choices, Calculations, OR Slider Labels","Field Note","Text Validation Type OR Show Slider Number","Text Validation Min","Text Validation Max",Identifier?,"Branching Logic (Show field only if...)","Required Field?","Custom Alignment","Question Number (surveys only)","Matrix Group Name","Matrix Ranking?","Field Annotation"
cancer_collectdate,cancer_core,,text,"Collection date for cancer core information:",,DD-MM-YYYY,date_dmy,,,,,y,,,,," @ONTOLOGY='NCIT:C81286'"
cancer,cancer_core,"<p style=""text-align: left; font-size: 14pt;font-style: Calibri;""><strong>CANCER</strong></p>",yesno,"Has the participant ever had cancer?",,,,,,,,y,,,,," @ONTOLOGY='NCIT:C18849'"
cancer_num,cancer_core,,text,"(If Yes) Specify the number of unrelated cancer diagnoses:",,"Number of unrelated cancer diagnoses.",integer,,,,"[cancer] = '1'",y,,,,," @ONTOLOGY='NCIT:C18849'"
cancer_types,cancer_core,,checkbox,"(If Yes) Specify the cancer type/s:","1, Bone | 2, Brain | 3, Breast | 4, Cervix | 5, Colon/Rectum | 6, Endometrium | 7, Ovary | 8, Lung | 9, Lymphatic System | 10, Ovary | 11, Pancreas | 12, Prostate | 13, Skin | 14, Thyroid | 777, Other",,,,,,"[cancer] = '1'",y,,,,," @ONTOLOGY='NCIT:C16213'"
cancer_types_other,cancer_core,,text,"(If Other) Specify the cancer type:",,,,,,,"[cancer_types] = '777'",y,,,,," @ONTOLOGY='NCIT:C16213'"
cancer_core_version,cancer_core,,text,"Cancer - Core Instrument Version 2.0 Released September 2022
H3ABioNet & H3Africa Phenotype Standards",,,,,,,,,,,,,
