"Variable / Field Name","Form Name","Section Header","Field Type","Field Label","Choices, Calculations, OR Slider Labels","Field Note","Text Validation Type OR Show Slider Number","Text Validation Min","Text Validation Max",Identifier?,"Branching Logic (Show field only if...)","Required Field?","Custom Alignment","Question Number (surveys only)","Matrix Group Name","Matrix Ranking?","Field Annotation"
curr_tb_collectdate,current_tuberculosis,,text,"Collection date for current tuberculosis information:",,DD-MM-YYYY,date_dmy,,,,,y,,,,," @ONTOLOGY='NCIT:C81286'"
tb_current,current_tuberculosis,"<p style=""text-align: left; font-size: 14pt;font-style: Calibri;""><strong>CURRENT TUBERCULOSIS</strong></p>",yesno,"Does the participant currently have TB?",,,,,,,,y,,,,," @ONTOLOGY='HP:0032262'"
tb_curr_type,current_tuberculosis,,radio,"Does the participant have active or latent TB?","1, Active | 2, Latent",,,,,,[tb_current]='1',y,,,,," @ONTOLOGY='HP:0032262'"
tb_curr_diagdate,current_tuberculosis,,text,"Date participant clinically diagnosed with TB:",,DD-MM-YYYY,date_dmy,,,,,y,,,,," @ONTOLOGY='NCIT:C164339'"
tb_curr_site,current_tuberculosis,,radio,"Site/s of current TB Disease:","1, Pulmonary | 2, Extrapulmonary TB | 3, Pulmonary and extrapulmonary TB",,,,,,[tb_current]='1',y,,,,," @ONTOLOGY='GENEPIO:0001098'"
tb_curr_extrapul_site,current_tuberculosis,,checkbox,"(If Extrapulmonary TB) Specify extrapulmonary sites involved:","1, Abdominal | 2, Bone/joint | 3, CNS Tuberculoma/s | 4, Disseminated | 5, Meningitis | 6, Miliary TB | 7, Pericardial effusion | 8, Peripheral nodes | 9, Pleural effusion | 10, Spinal | 777, Other",,,,,,"[tb_curr_site]='2' or [tb_curr_site]='3'",y,,,,," @ONTOLOGY='GENEPIO:0001098'"
tb_extrapul_other,current_tuberculosis,,text,"(If Other) Specify other extrapulmonary site:",,,,,,,[tb_curr_extrapul_site(777)]='1',,,,,," @ONTOLOGY='GENEPIO:0001098'"
tb_curr_rx_prevent,current_tuberculosis,,yesno,"Is the participant currently taking preventive medication for TB?",,,,,,,[tb_current]='0',y,,,,," @ONTOLOGY='MAXO:0000228'"
tb_curr_rx,current_tuberculosis,,yesno,"Is the participant currently on medication for TB (latent or active)?",,,,,,,[tb_current]='1',y,,,,," @ONTOLOGY='MAXO:0000228'"
tb_curr_rx_type,current_tuberculosis,,radio,"(If Yes) Specify medication:","1, Ethambutol (EMB) | 2, Isoniazid (INH) | 3, Pyrazinamide (PZA) | 4, Rifampin (RIF) | 5, Fluoroquinolone (FQ) | 6, Amikacin (AMK) | 7, Kanamycin (KAN) | 8, Capreomycin (CM) | 9, Fixed combination of INH | 10, Fixed combination of INH, RIF and PZA | 777, Other",,,,,,[tb_curr_rx]='1',y,,,,," @ONTOLOGY='MAXO:0000228'"
tb_curr_rx_other,current_tuberculosis,,text,"(If Other) Specify other TB medication:",,,,,,,[tb_curr_rx_type]='777',y,,,,," @ONTOLOGY='MAXO:0000228'"
tb_curr_rx_startdate,current_tuberculosis,,text,"Medication Start Date:",,DD-MM-YYYY,date_dmy,,,,[tb_curr_rx]='1',,,,,," @ONTOLOGY='EUPATH:0023050'"
current_tb_version,current_tuberculosis,,descriptive,"Current Tuberulosis - Instrument Version 2.0 Released September 2022
H3ABioNet & H3Africa Phenotype Standards",,,,,,,,,,,,,
