"Variable / Field Name","Form Name","Section Header","Field Type","Field Label","Choices, Calculations, OR Slider Labels","Field Note","Text Validation Type OR Show Slider Number","Text Validation Min","Text Validation Max",Identifier?,"Branching Logic (Show field only if...)","Required Field?","Custom Alignment","Question Number (surveys only)","Matrix Group Name","Matrix Ranking?","Field Annotation"
cancer_screendate,cancer_screenings,"<p style=""text-align: left; font-size: 14pt;font-style: Calibri;""><strong>CANCER SCREENINGS</strong></p>",text,"Collection date for cancer screening information:",,DD-MM-YYYY,date_dmy,,,,,y,,,,," @ONTOLOGY='NCIT:C81286'"
cancer_chestxray,cancer_screenings,"In the past three years has the participant had...",radio,"A chest X-Ray?","0, No | 1, Yes - once | 2, Yes - more than once",,,,,,,y,,,cancer_screening,," @ONTOLOGY='SCDO:0000217'"
cancer_bloodstool,cancer_screenings,,radio,"A test for blood in the stool?","0, No | 1, Yes - once | 2, Yes - more than once",,,,,,,y,,,cancer_screening,," @ONTOLOGY='NCIT:C18014'"
cancer_colonexam,cancer_screenings,,radio,"A colonoscopy sigmoidoscopy, or barium enema to examine the colon and rectum?","0, No | 1, Yes - once | 2, Yes - more than once",,,,,,,y,,,cancer_screening,," @ONTOLOGY='NCIT:C15549'"
cancer_mammogram,cancer_screenings,,radio,"A mammogram?","0, No | 1, Yes - once | 2, Yes - more than once",,,,,,,y,,,cancer_screening,," @ONTOLOGY='NCIT:C20178'"
cancer_livertest,cancer_screenings,,radio,"A blood test for liver cancer?","0, No | 1, Yes - once | 2, Yes - more than once",,,,,,,y,,,cancer_screening,," @ONTOLOGY='NCIT:C15741'"
cancer_papsmear,cancer_screenings,,radio,"(IF FEMALE) a pap smear?","0, No | 1, Yes - once | 2, Yes - more than once",,,,,,"[sex]='2' or [sex]='3'",y,,,cancer_screening,," @ONTOLOGY='MAXO:0000141'"
cancer_pelvicexam,cancer_screenings,,radio,"(IF FEMALE) a pelvic examination","0, No | 1, Yes - once | 2, Yes - more than once",,,,,,"[sex]='2' or [sex]='3'",y,,,cancer_screening,," @ONTOLOGY='MAXO:0000793'"
cancer_ovaryscan,cancer_screenings,,radio,"(IF FEMALE) an ultrasound or scan of your ovaries?","0, No | 1, Yes - once | 2, Yes - more than once",,,,,,"[sex]='2' or [sex]='3'",y,,,cancer_screening,," @ONTOLOGY='NCIT:C19337'"
cancer_ca125,cancer_screenings,,radio,"(IF FEMALE) a blood test for ovarian cancer (e.g., CA-125)?","0, No | 1, Yes - once | 2, Yes - more than once",,,,,,"[sex]='2' or [sex]='3'",y,,,cancer_screening,," @ONTOLOGY='NCIT:C79089'"
cancer_rectalexam,cancer_screenings,,radio,"(IF MALE) a digital rectal examination of the prostate?","0, No | 1, Yes - once | 2, Yes - more than once",,,,,,"[sex]='1' or [sex]='3'",y,,,cancer_screening,," @ONTOLOGY='NCIT:C17631'"
cancer_psa,cancer_screenings,,radio,"(IF MALE) a blood test for prostate cancer (e.g. PSA)?","0, No | 1, Yes - once | 2, Yes - more than once",,,,,,"[sex]='1' or [sex]='3'",y,,,cancer_screening,," @ONTOLOGY='NCIT:C17634'"
cancer_genetictest,cancer_screenings,,radio,"A genetic test for cancer/cancer susceptibility?","0, No | 1, Yes - once | 2, Yes - more than once",,,,,,,y,,,cancer_screening,," @ONTOLOGY='NCIT:C92803'"
cancer_screen_version,cancer_screenings,,descriptive,"Cancer Screenings - Instrument Version 2.0 Released September 2022
H3ABioNet & H3Africa Phenotype Standards",,,,,,,,,,,,,
