"Variable / Field Name","Form Name","Section Header","Field Type","Field Label","Choices, Calculations, OR Slider Labels","Field Note","Text Validation Type OR Show Slider Number","Text Validation Min","Text Validation Max",Identifier?,"Branching Logic (Show field only if...)","Required Field?","Custom Alignment","Question Number (surveys only)","Matrix Group Name","Matrix Ranking?","Field Annotation"
hiv_cbc_collectdate,hiv_blood_count,,text,"Specimen collection date:",,DD-MM-YYYY,date_dmy,,,,,y,,,,," @ONTOLOGY='NCIT:C81286'"
hiv_rbc,hiv_blood_count,"<p style=""text-align: left; font-size: 14pt;font-style: Calibri;""><strong>COMPLETE BLOOD CELL COUNT</strong></p>",text,"Red blood cell count (RBC):",,"in million cells/uL",number,,,,,y,,,,," @ONTOLOGY='CMO:0000025'"
hiv_wbc,hiv_blood_count,,text,"White blood cell count (WBC):",,"in 1000 cells/uL",number,,,,,y,,,,," @ONTOLOGY='CMO:0000027'"
hiv_hct,hiv_blood_count,,text,"Hematocrit (HCT):",,%,number,,,,,y,,,,," @ONTOLOGY='CMO:0000037'"
hiv_hb,hiv_blood_count,,text,"Haemoglobin (Hb):",,"in g/dL",number,,,,,y,,,,," @ONTOLOGY='EFO:0004509'"
hiv_mean_cell_hb,hiv_blood_count,,text,"Mean cell haemoglobin	",,"in pg",integer,,,,,y,,,,," @ONTOLOGY='CMO:0000290'"
hiv_mchc,hiv_blood_count,,text,"Mean Cell Hb Concentration (MCHC):",,"in g/dL",number,,,,,y,,,,," @ONTOLOGY='CMO:0000291'"
hiv_mcv,hiv_blood_count,,text,"Mean cell volume	 (MCV): ",,"in fL",number,,,,,y,,,,," @ONTOLOGY='CMO:0000038'"
hiv_rdw,hiv_blood_count,,text,"Red cell distribution width (RDW):",,%,number,,,,,y,,,,," @ONTOLOGY='CMO:0000041'"
hiv_eosinophils,hiv_blood_count,,text,"Eosinophils (absolute value):",,cells/cu.mL,number,,,,,y,,,,," @ONTOLOGY='MAXO:0000543'"
hiv_basophils,hiv_blood_count,,text,"Basophils (absolute value):",,cells/cu.mL,number,,,,,y,,,,," @ONTOLOGY='MAXO:0000545'"
hiv_neutrophils,hiv_blood_count,,text,"Neutrophils (absolute value):",,cells/cu.mL,number,,,,,y,,,,," @ONTOLOGY='MAXO:0001009'"
hiv_monocytes,hiv_blood_count,,text,"Monocytes (absolute value):",,cells/cu.mL,number,,,,,y,,,,," @ONTOLOGY='NCIT:C64823'"
hiv_lymphocytes,hiv_blood_count,,text,"Lymphocytes (absolute value):",,cells/cu.mL,number,,,,,y,,,,," @ONTOLOGY='MAXO:0000546'"
cbc_version,hiv_blood_count,,descriptive,"Complete Blood Count  - Instrument Version 2.0 Released September 2022
H3ABioNet & H3Africa Phenotype Standards",,,,,,,,,,,,,
