"Variable / Field Name","Form Name","Section Header","Field Type","Field Label","Choices, Calculations, OR Slider Labels","Field Note","Text Validation Type OR Show Slider Number","Text Validation Min","Text Validation Max",Identifier?,"Branching Logic (Show field only if...)","Required Field?","Custom Alignment","Question Number (surveys only)","Matrix Group Name","Matrix Ranking?","Field Annotation"
std_signs_collectdate,std_signs_and_symptoms,,text,"Collection date of STD signs and symptoms:",,DD-MM-YYYY,date_dmy,,,,,y,,,,," @ONTOLOGY='NCIT:C81286'"
abdominal_pain,std_signs_and_symptoms,"<p style=""text-align: left; font-size: 14pt;font-style: Calibri;""><strong>STD SIGNS AND SYMPTOMS</strong></p>",radio,"Abdominal pain:","1, Yes (ongoing) | 2, Yes (previously) | 0, No | -992, Don't know",,,,,,,y,,,,," @ONTOLOGY='SYMP:0000457'"
bumps_genital_oral_rectal,std_signs_and_symptoms,,radio,"Bumps (Genital/Oral/Rectal)","1, Yes (ongoing) | 2, Yes (previously) | 0, No | -992, Don't know",,,,,,,y,,,,,
fatigue_1,std_signs_and_symptoms,,radio,Fatigue:,"1, Yes (ongoing) | 2, Yes (previously) | 0, No | -992, Don't know",,,,,,,y,,,,," @ONTOLOGY='SYMP:0019177'"
fever_1,std_signs_and_symptoms,,radio,Fever:,"1, Yes (ongoing) | 2, Yes (previously) | 0, No | -992, Don't know",,,,,,,y,,,,," @ONTOLOGY='SYMP:0000613'"
genital_itching,std_signs_and_symptoms,,radio,"Genital discomfort/itching:","1, Yes (ongoing) | 2, Yes (previously) | 0, No | -992, Don't know",,,,,,,y,,,,,
headache_1,std_signs_and_symptoms,,radio,Headache:,"1, Yes (ongoing) | 2, Yes (previously) | 0, No | -992, Don't know",,,,,,,y,,,,," @ONTOLOGY='SYMP:0000504'"
jaundice_1,std_signs_and_symptoms,,radio,Jaundice:,"1, Yes (ongoing) | 2, Yes (previously) | 0, No | -992, Don't know",,,,,,,y,,,,," @ONTOLOGY='SYMP:0000539'"
loss_of_appetite_1,std_signs_and_symptoms,,radio,"Loss of appetite:","1, Yes (ongoing) | 2, Yes (previously) | 0, No | -992, Don't know",,,,,,,y,,,,," @ONTOLOGY='SYMP:0000309'"
muscle_pain_1,std_signs_and_symptoms,,radio,"Muscle pain:","1, Yes (ongoing) | 2, Yes (previously) | 0, No | -992, Don't know",,,,,,,y,,,,," @ONTOLOGY='SYMP:0019161'"
nausea_vomiting_1,std_signs_and_symptoms,,radio,Nausea/vomiting:,"1, Yes (ongoing) | 2, Yes (previously) | 0, No | -992, Don't know",,,,,,,y,,,,," @ONTOLOGY='SYMP:0000458'"
std_pain_during_sex,std_signs_and_symptoms,,radio,"Pain during sexual intercourse","1, Yes (ongoing) | 2, Yes (previously) | 0, No | -992, Don't know",,,,,,,y,,,,," @ONTOLOGY='SYMP:0000404'"
painful_urination,std_signs_and_symptoms,,radio,"Painful Urination","1, Yes (ongoing) | 2, Yes (previously) | 0, No | -992, Don't know",,,,,,,y,,,,," @ONTOLOGY='HP:0100518'"
swollen_lymph_nodes,std_signs_and_symptoms,,radio,"Swollen lymph nodes:","1, Yes (ongoing) | 2, Yes (previously) | 0, No | -992, Don't know",,,,,,,y,,,,," @ONTOLOGY='SYMP:0000521'"
std_unusual_discharge,std_signs_and_symptoms,,radio,"Unusual Discharge (Penal/Vaginal)","1, Yes (ongoing) | 2, Yes (previously) | 0, No | -992, Don't know",,,,,,,y,,,,," @ONTOLOGY='MP:0013136'"
other_symptoms_1,std_signs_and_symptoms,,radio,"Other symptom/s:","1, Yes | 0, No | -992, Don't know",,,,,,,y,,,,,
other_symptoms_specify_1,std_signs_and_symptoms,,notes,"(If Other) Specify symptom/s:",,,,,,,,y,,,,,
std_symptoms_version,std_signs_and_symptoms,,descriptive,"STD Signs and Symptoms - Instrument Version 2.0 Released September 2022
H3ABioNet & H3Africa Phenotype Standards",,,,,,,,,,,,,
