"Variable / Field Name","Form Name","Section Header","Field Type","Field Label","Choices, Calculations, OR Slider Labels","Field Note","Text Validation Type OR Show Slider Number","Text Validation Min","Text Validation Max",Identifier?,"Branching Logic (Show field only if...)","Required Field?","Custom Alignment","Question Number (surveys only)","Matrix Group Name","Matrix Ranking?","Field Annotation"
personal_care_colldate,personal_care_products,,text,"Collection date of personal care product information:",,DD-MM-YYYY,date_dmy,,,,,y,,,,," @ONTOLOGY='NCIT:C81286'"
personal_care_desc,personal_care_products,"<p style=""text-align: left; font-size: 14pt;font-style: Calibri;""><strong>PERSONAL CARE PRODUCTS</strong></p>",descriptive,"How often does the participant use...",,,,,,,,,,,,,
waterless_hand_sanitizer,personal_care_products,,radio,"Waterless hand sanitizer?","1, Usually (>4 days a week) | 2, Sometimes (1-4 days a week) | 3, Rarely (< 3 days a month) | 4, Never",,,,,,,y,,,personal_care_prod_usage,," @ONTOLOGY='NCIT:C126889'"
liquid_soaps,personal_care_products,,radio,"Liquid soaps that are not antibacterial?","1, Usually (>4 days a week) | 2, Sometimes (1-4 days a week) | 3, Rarely (< 3 days a month) | 4, Never",,,,,,,y,,,personal_care_prod_usage,," @ONTOLOGY='NCIT:C126889'"
antibacterial_liquid_soaps,personal_care_products,,radio,"Antibacterial liquid soaps?","1, Usually (>4 days a week) | 2, Sometimes (1-4 days a week) | 3, Rarely (< 3 days a month) | 4, Never",,,,,,,y,,,personal_care_prod_usage,," @ONTOLOGY='NCIT:C126889'"
deodorant_antiperspirant,personal_care_products,,radio,"Deodorant or antiperspirant?","1, Usually (>4 days a week) | 2, Sometimes (1-4 days a week) | 3, Rarely (< 3 days a month) | 4, Never",,,,,,,y,,,personal_care_prod_usage,," @ONTOLOGY='NCIT:C126889'"
bug_repellent,personal_care_products,,radio,"Bug repellent?","1, Usually (>4 days a week) | 2, Sometimes (1-4 days a week) | 3, Rarely (< 3 days a month) | 4, Never",,,,,,,y,,,personal_care_prod_usage,," @ONTOLOGY='NCIT:C126889'"
hair_shampoo,personal_care_products,,radio,"Hair shampoo?","1, Usually (>4 days a week) | 2, Sometimes (1-4 days a week) | 3, Rarely (< 3 days a month) | 4, Never",,,,,,,y,,,personal_care_prod_usage,," @ONTOLOGY='NCIT:C126889'"
hair_conditioner,personal_care_products,,radio,"Hair conditioner?","1, Usually (>4 days a week) | 2, Sometimes (1-4 days a week) | 3, Rarely (< 3 days a month) | 4, Never",,,,,,,y,,,personal_care_prod_usage,," @ONTOLOGY='NCIT:C126889'"
hair_dye,personal_care_products,,radio,"Hair dye?","1, Usually (>4 days a week) | 2, Sometimes (1-4 days a week) | 3, Rarely (< 3 days a month) | 4, Never",,,,,,,y,,,personal_care_prod_usage,," @ONTOLOGY='NCIT:C126889'"
hair_spray,personal_care_products,,radio,"Hair spray?","1, Usually (>4 days a week) | 2, Sometimes (1-4 days a week) | 3, Rarely (< 3 days a month) | 4, Never",,,,,,,y,,,personal_care_prod_usage,," @ONTOLOGY='NCIT:C126889'"
hair_style_products,personal_care_products,,radio,"Gels, mousse, or other hair styling products?","1, Usually (>4 days a week) | 2, Sometimes (1-4 days a week) | 3, Rarely (< 3 days a month) | 4, Never",,,,,,,y,,,personal_care_prod_usage,," @ONTOLOGY='NCIT:C126889'"
anti_age_creams,personal_care_products,,radio,"Anti-aging or overnight creams?","1, Usually (>4 days a week) | 2, Sometimes (1-4 days a week) | 3, Rarely (< 3 days a month) | 4, Never",,,,,,,y,,,personal_care_prod_usage,," @ONTOLOGY='NCIT:C126889'"
facial_cleansers,personal_care_products,,radio,"Facial cleansers, facial masks or deep cleansers?","1, Usually (>4 days a week) | 2, Sometimes (1-4 days a week) | 3, Rarely (< 3 days a month) | 4, Never",,,,,,,y,,,personal_care_prod_usage,," @ONTOLOGY='NCIT:C126889'"
hand_body_lotions,personal_care_products,,radio,"Hand or body creams?","1, Usually (>4 days a week) | 2, Sometimes (1-4 days a week) | 3, Rarely (< 3 days a month) | 4, Never",,,,,,,y,,,personal_care_prod_usage,," @ONTOLOGY='NCIT:C126889'"
commercial_sunscreen,personal_care_products,,radio,"Commercial sunscreen?","1, Usually (>4 days a week) | 2, Sometimes (1-4 days a week) | 3, Rarely (< 3 days a month) | 4, Never",,,,,,,y,,,personal_care_prod_usage,," @ONTOLOGY='NCIT:C126889'"
foundation_makeup,personal_care_products,,radio,"Foundation makeup?","1, Usually (>4 days a week) | 2, Sometimes (1-4 days a week) | 3, Rarely (< 3 days a month) | 4, Never",,,,,,,y,,,personal_care_prod_usage,," @ONTOLOGY='NCIT:C126889'"
mascara,personal_care_products,,radio,Mascara?,"1, Usually (>4 days a week) | 2, Sometimes (1-4 days a week) | 3, Rarely (< 3 days a month) | 4, Never",,,,,,,y,,,personal_care_prod_usage,," @ONTOLOGY='NCIT:C126889'"
lip_balm,personal_care_products,,radio,"Chapstick, lip balm, or lipstick?","1, Usually (>4 days a week) | 2, Sometimes (1-4 days a week) | 3, Rarely (< 3 days a month) | 4, Never",,,,,,,y,,,personal_care_prod_usage,," @ONTOLOGY='NCIT:C126889'"
nail_polish,personal_care_products,,radio,"Nail polish?","1, Usually (>4 days a week) | 2, Sometimes (1-4 days a week) | 3, Rarely (< 3 days a month) | 4, Never",,,,,,,y,,,personal_care_prod_usage,," @ONTOLOGY='NCIT:C126889'"
bath_oil_gel,personal_care_products,,radio,"Bath oil or gel?","1, Usually (>4 days a week) | 2, Sometimes (1-4 days a week) | 3, Rarely (< 3 days a month) | 4, Never",,,,,,,y,,,personal_care_prod_usage,," @ONTOLOGY='NCIT:C126889'"
aftershave,personal_care_products,,radio,"Aftershave (lotion, balm, or cologne)?","1, Usually (>4 days a week) | 2, Sometimes (1-4 days a week) | 3, Rarely (< 3 days a month) | 4, Never",,,,,,,y,,,personal_care_prod_usage,," @ONTOLOGY='NCIT:C126889'"
fragrances,personal_care_products,,radio,"Fragrances, such as perfume?","1, Usually (>4 days a week) | 2, Sometimes (1-4 days a week) | 3, Rarely (< 3 days a month) | 4, Never",,,,,,,y,,,personal_care_prod_usage,," @ONTOLOGY='NCIT:C126889'"
contact_solutions,personal_care_products,,radio,"Contact lens solutions or eye drops?","1, Usually (>4 days a week) | 2, Sometimes (1-4 days a week) | 3, Rarely (< 3 days a month) | 4, Never",,,,,,,y,,,personal_care_prod_usage,," @ONTOLOGY='NCIT:C126889'V"
nasal_sprays,personal_care_products,,radio,"Nasal sprays?","1, Usually (>4 days a week) | 2, Sometimes (1-4 days a week) | 3, Rarely (< 3 days a month) | 4, Never",,,,,,,y,,,personal_care_prod_usage,," @ONTOLOGY='NCIT:C126889'"
ear_drops,personal_care_products,,radio,"Ear drops or ear wax removal products?","1, Usually (>4 days a week) | 2, Sometimes (1-4 days a week) | 3, Rarely (< 3 days a month) | 4, Never",,,,,,,y,,,personal_care_prod_usage,," @ONTOLOGY='NCIT:C126889'"
feminine_hygiene_products,personal_care_products,,radio,"Feminine hygiene products (e.g. sanitary pads; tampons)?","1, Usually (>4 days a week) | 2, Sometimes (1-4 days a week) | 3, Rarely (< 3 days a month) | 4, Never",,,,,,"[sex] = '2' or [sex] = '3'",y,,,personal_care_prod_usage,," @ONTOLOGY='NCIT:C126889'"
personal_care_version,personal_care_products,,descriptive,"Personal Care Products  - Instrument Version 2.0 Released September 2022
H3ABioNet & H3Africa Phenotype Standards",,,,,,,,,,,,,
