"Variable / Field Name","Form Name","Section Header","Field Type","Field Label","Choices, Calculations, OR Slider Labels","Field Note","Text Validation Type OR Show Slider Number","Text Validation Min","Text Validation Max",Identifier?,"Branching Logic (Show field only if...)","Required Field?","Custom Alignment","Question Number (surveys only)","Matrix Group Name","Matrix Ranking?","Field Annotation"
smokexp_collectdate,smoking_exposure_core,,text,"Collection date of smoking exposure information:",,DD-MM-YYYY,date_dmy,,,,[agecalc]<19,y,,,,," @ONTOLOGY='NCIT:C81286'"
hhsmokers,smoking_exposure_core,"<p style=""text-align: left; font-size: 14pt;font-style: Calibri;""><strong>SMOKING EXPOSURE</strong></p>",yesno,"Does anyone in the participant's household smoke cigarettes or other tobacco-based products?",,,,,,,[agecalc]<19,y,,,,," @ONTOLOGY='NCIT:C156838'"
numsmokers,smoking_exposure_core,,text,"(If Yes) How many members in the household smoke?",,,integer,,,,"[agecalc]<19 and [hhsmokers] = '1'",y,,,,," @ONTOLOGY='NCIT:C156838'"
freq_hhsmoke,smoking_exposure_core,,radio,"(If Yes) How frequently do they smoke?","1, Once, daily | 2, More than once, daily | 3, Weekly | 4, Infrequently",,,,,,"[agecalc]<19 and [hhsmokers] = '1'",y,,,,," @ONTOLOGY='NCIT:C156838'"
smoking_exposure_version,smoking_exposure_core,,descriptive,"Smoking Exposure - Core Instrument Version 2.0 Released September 2022
H3ABioNet & H3Africa Phenotype Standards",,,,,,,,,,,,,
