"Variable / Field Name","Form Name","Section Header","Field Type","Field Label","Choices, Calculations, OR Slider Labels","Field Note","Text Validation Type OR Show Slider Number","Text Validation Min","Text Validation Max",Identifier?,"Branching Logic (Show field only if...)","Required Field?","Custom Alignment","Question Number (surveys only)","Matrix Group Name","Matrix Ranking?","Field Annotation"
dyslip_collectdate,dyslipidemia_core,,text,"Collection date for dyslipidemia information:",,DD-MM-YYYY,date_dmy,,,,,y,,,,," @ONTOLOGY='NCIT:C81286'"
dyslipidemia,dyslipidemia_core,"<p style=""text-align: left; font-size: 14pt;font-style: Calibri;""><strong>DYSLIPIDEMIA</strong></p>",yesno,"Has a doctor or healthcare worker ever told the participant that he/she has dyslipidemia?",,,,,,,,y,,,,," @ONTOLOGY='HP:0003611'"
dyslip_age,dyslipidemia_core,,text,"(If Yes) At what age was the participant first told this?",,"Provide age in years.",integer,0,99,,"[dyslipidemia] = '1'",y,,,,," @ONTOLOGY='EFO:0004918'"
dyslip_labtest,dyslipidemia_core,,yesno,"Was it confirmed with a laboratory test?",,,,,,,"[dyslipidemia] = '1'",y,,,,,
dyslip_meds,dyslipidemia_core,,radio,"Has the participant ever taken medication for dyslipidemia?","1, Yes now | 2, Yes not now | 0, No",,,,,,"[dyslipidemia] = '1'",y,,,,," @ONTOLOGY='MAXO:0000189'"
dyslip_medage,dyslipidemia_core,,text,"(If Yes) At what age did the participant start taking medication for dyslipidemia?",,"Provide age in years.",integer,0,99,,"[dyslipidemia] = '1' and [dyslip_meds] = '1'",y,,,,," @ONTOLOGY='OPMI:0004500'"
dyslipidemia_core_version,dyslipidemia_core,,descriptive,"Dyslipidemia - Core Instrument Version 2.0 Released September 2022
H3ABioNet & H3Africa Phenotype Standards",,,,,,,,,,,,,
