"Variable / Field Name","Form Name","Section Header","Field Type","Field Label","Choices, Calculations, OR Slider Labels","Field Note","Text Validation Type OR Show Slider Number","Text Validation Min","Text Validation Max",Identifier?,"Branching Logic (Show field only if...)","Required Field?","Custom Alignment","Question Number (surveys only)","Matrix Group Name","Matrix Ranking?","Field Annotation"
hiv_signs_collectdate,hiv_signs_and_symptoms,,text,"Collection date of HIV signs and symptoms:",,DD-MM-YYYY,date_dmy,,,,,y,,,,," @ONTOLOGY='NCIT:C81286'"
chills_3,hiv_signs_and_symptoms,"<p style=""text-align: left; font-size: 14pt;font-style: Calibri;""><strong>HIV SIGNS AND SYMPTOMS</strong></p>",radio,Chills:,"1, Yes (ongoing) | 2, Yes (previously) | 0, No | -992, Don't know",,,,,,,y,,,,," @ONTOLOGY='SYMP:0019174'"
cough_3,hiv_signs_and_symptoms,,radio,Cough:,"1, Yes (ongoing) | 2, Yes (previously) | 0, No | -992, Don't know",,,,,,,y,,,,," @ONTOLOGY='SYMP:0000614'"
type_of_cough_3,hiv_signs_and_symptoms,,radio,"(If Cough) Type of cough:","1, Dry Cough | 2, Wet Cough (cough with mucous)",,,,,,,y,,,,," @ONTOLOGY='SYMP:0000614'"
diarrhea_2,hiv_signs_and_symptoms,,radio,Diarrhea:,"1, Yes (ongoing) | 2, Yes (previously) | 0, No | -992, Don't know",,,,,,,y,,,,," @ONTOLOGY='SYMP:0000570'"
fatigue_4,hiv_signs_and_symptoms,,radio,Fatigue:,"1, Yes (ongoing) | 2, Yes (previously) | 0, No | -992, Don't know",,,,,,,y,,,,," @ONTOLOGY='SYMP:0019177'"
fever_4,hiv_signs_and_symptoms,,radio,Fever:,"1, Yes (ongoing) | 2, Yes (previously) | 0, No | -992, Don't know",,,,,,,y,,,,," @ONTOLOGY='SYMP:0000613'"
muscle_pain_3,hiv_signs_and_symptoms,,radio,"Muscle pain:","1, Yes (ongoing) | 2, Yes (previously) | 0, No | -992, Don't know",,,,,,,y,,,,," @ONTOLOGY='SYMP:0019161'"
myalgia_joint_pain_3,hiv_signs_and_symptoms,,radio,"Myalgia (joint pain):","1, Yes (ongoing) | 2, Yes (previously) | 0, No | -992, Don't know",,,,,,,y,,,,," @ONTOLOGY='NCIT:C27009'"
night_sweats_2,hiv_signs_and_symptoms,,radio,"Night sweats:","1, Yes (ongoing) | 2, Yes (previously) | 0, No | -992, Don't know",,,,,,,y,,,,," @ONTOLOGY='SYMP:0000337'"
pneumonia,hiv_signs_and_symptoms,,radio,Pneumonia:,"1, Yes (ongoing) | 2, Yes (previously) | 0, No | -992, Don't know",,,,,,,y,,,,," @ONTOLOGY='SYMP:0019168'"
rash_2,hiv_signs_and_symptoms,,radio,Rash:,"1, Yes (ongoing) | 2, Yes (previously) | 0, No | -992, Don't know",,,,,,,y,,,,," @ONTOLOGY='SYMP:0000487'"
rash_type_2,hiv_signs_and_symptoms,,radio,"(If Rash) Type of rash:","1, Purpura | 2, Urticaria | 3, Erythema | 4, Chilblains | 777, Other",,,,,,,y,,,,," @ONTOLOGY='SYMP:0000487'"
rash_other_2,hiv_signs_and_symptoms,,text,"(If Other) Specify type of rash:",,,,,,,,y,,,,," @ONTOLOGY='SYMP:0000487'"
sore_throat,hiv_signs_and_symptoms,,radio,"Sore throat:","1, Yes (ongoing) | 2, Yes (previously) | 0, No | -992, Don't know",,,,,,,y,,,,," @ONTOLOGY='SYMP:0000505'"
sore_swollen_lymph_nodes_2,hiv_signs_and_symptoms,,radio,"Sore/Swollen Lymph Nodes:","1, Yes (ongoing) | 2, Yes (previously) | 0, No | -992, Don't know",,,,,,,y,,,,," @ONTOLOGY='SYMP:0000521'"
ulcers,hiv_signs_and_symptoms,,radio,"Ulcers (Mouth/Skin):","1, Yes (ongoing) | 2, Yes (previously) | 0, No | -992, Don't know",,,,,,,y,,,,," @ONTOLOGY='NCIT:C3426'"
weight_loss_2,hiv_signs_and_symptoms,,radio,"Unintentional weight loss:","1, Yes (ongoing) | 2, Yes (previously) | 0, No | -992, Don't know",,,,,,,y,,,,," @ONTOLOGY='SYMP:0000178'"
other_symptoms_4,hiv_signs_and_symptoms,,radio,"Other symptom/s:","1, Yes | 0, No | -992, Don't know",,,,,,,y,,,,,
other_symptoms_specify_4,hiv_signs_and_symptoms,,notes,"(If Other) Specify symptom/s:",,,,,,,,y,,,,,
hiv_symptoms_version,hiv_signs_and_symptoms,,descriptive,"HIV Signs and Symptoms - Instrument Version 2.0 Released September 2022
H3ABioNet & H3Africa Phenotype Standards",,,,,,,,,,,,,
