"Variable / Field Name","Form Name","Section Header","Field Type","Field Label","Choices, Calculations, OR Slider Labels","Field Note","Text Validation Type OR Show Slider Number","Text Validation Min","Text Validation Max",Identifier?,"Branching Logic (Show field only if...)","Required Field?","Custom Alignment","Question Number (surveys only)","Matrix Group Name","Matrix Ranking?","Field Annotation"
medlog_collectdate,medication_log_core,,text,"Collection date for medication information:",,DD-MM-YYYY,date_dmy,,,,,y,,,,," @ONTOLOGY='NCIT:C81286'"
med_name,medication_log_core,"<p style=""text-align: left; font-size: 14pt;font-style: Calibri;""><strong>MEDICATION LOG</strong></p>",text,"Medication name:",,,,,,,,y,,,,," @ONTOLOGY='NCIT:C459'"
med_code,medication_log_core,,text,"Medication Coded Name:",BIOPORTAL:DRON,,,,,,,y,,,,," @ONTOLOGY='NCIT:C83220'"
med_indication,medication_log_core,,text,"Indication/reason for medication?",,,,,,,,y,,,,," @ONTOLOGY='NCIT:C102702'"
med_startdate,medication_log_core,,text,"Start date:",,DD-MM-YYYY,date_dmy,,,,,y,,,,," @ONTOLOGY='NCIT:C68616'"
med_ongoing,medication_log_core,,yesno,Ongoing?,,,,,,,,y,RH,,,," @ONTOLOGY='NCIT:C165209'"
med_stopdate,medication_log_core,,text,"Stop date:",,DD-MM-YYYY,date_dmy,,,,"[med_ongoing]=""0""",y,,,,," @ONTOLOGY='NCIT:C83140'"
med_dose,medication_log_core,,text,"Dose amount:",,,number,,,,,y,,,,," @ONTOLOGY='GSSO:007602'"
med_units,medication_log_core,,dropdown,"Dose units:","1, mg | 2, ml | 3, spray or puff | 4, tablet | 5, pill | 6, softgel | 7, capsule | 8, application",,,,,,,y,,,,," @ONTOLOGY='UO:0000307'"
med_freq,medication_log_core,,dropdown,"Dose frequency:","1, once per day (QD) | 2, twice a day (BID) | 3, three times a day (TID) | 4, four times a day (QID) | 5, nightly (NOCT) | 6, as needed (PRN)",,,,,,,y,,,,," @ONTOLOGY='NCIT:C89081'"
med_route,medication_log_core,,dropdown,"Route of administration:","1, Orally | 2, Per rectum | 3, Intravenous | 4, Per vaginal | 5, Inhaled | 6, Intramuscularly | 7, Nasogastric | 8, Subcutaneously | 9, Sublingually | 10, Topical",,,,,,,y,RH,,,," @ONTOLOGY='NCIT:C38114'"
medication_log_version,medication_log_core,,descriptive,"Medication Log - Core Instrument Version 2.0 Released September 2022
H3ABioNet & H3Africa Phenotype Standards",,,,,,,,,,,,,
