"Variable / Field Name","Form Name","Section Header","Field Type","Field Label","Choices, Calculations, OR Slider Labels","Field Note","Text Validation Type OR Show Slider Number","Text Validation Min","Text Validation Max",Identifier?,"Branching Logic (Show field only if...)","Required Field?","Custom Alignment","Question Number (surveys only)","Matrix Group Name","Matrix Ranking?","Field Annotation"
fh_trauma_collectdate,family_history_of_traumatic_life_events,,text,"Collection date of family history of traumatic life events:",,DD-MM-YYYY,date_dmy,,,,,y,,,,," @ONTOLOGY='NCIT:C81286'"
embedded_traumatic_events,family_history_of_traumatic_life_events,"<p style=""text-align: left; font-size: 14pt;font-style: Calibri;""><strong>FAMILY HISTORY: TRAUMATIC LIFE EVENTS</strong></p>",descriptive,"<div class=""rich-text-field-label""><table style=""border-collapse: collapse; width: 100%; height: 85px;"" border=""1""> <tbody> <tr style=""height: 17px;""> <td style=""width: 36.8316%; height: 17px;"">Have been exposed to or experienced a..</td> <td style=""width: 30.0424%; text-align: center; height: 17px;"">Parents</td> <td style=""width: 28.3451%; text-align: center; height: 17px;"">Grandparents</td> </tr> <tr style=""height: 17px;""> <td style=""width: 36.8316%; height: 17px;"">Natural disaster/s?</td> <td style=""width: 30.0424%; text-align: center; height: 17px;"">{parents_natdisaster}</td> <td style=""width: 28.3451%; text-align: center; height: 17px;"">{gparents_natdisaster}</td> </tr> <tr style=""height: 17px;""> <td style=""width: 36.8316%; height: 17px;"">Military combat or a war zone?</td> <td style=""width: 30.0424%; text-align: center; height: 17px;"">{parents_military}</td> <td style=""width: 28.3451%; text-align: center; height: 17px;"">{gparents_military}</td> </tr> <tr style=""height: 17px;""> <td style=""width: 36.8316%; height: 17px;"">Serious accident (e.g. fire or explosion)?</td> <td style=""width: 30.0424%; text-align: center; height: 17px;"">{parents_victim}</td> <td style=""width: 28.3451%; text-align: center; height: 17px;"">{gparents_victim}</td> </tr> <tr style=""height: 17px;""> <td style=""width: 36.8316%; height: 17px;"">Imprisonment?</td> <td style=""width: 30.0424%; text-align: center; height: 17px;"">{parents_imprison}</td> <td style=""width: 28.3451%; text-align: center; height: 17px;"">{gparents_imprison}</td> </tr> <tr> <td style=""width: 36.8316%;"">Racial segregation?</td> <td style=""width: 30.0424%; text-align: center;"">{parents_racialseg}</td> <td style=""width: 28.3451%; text-align: center;"">{gparents_racialseg}</td> </tr> <tr> <td style=""width: 36.8316%;"">Physical assault?</td> <td style=""width: 30.0424%; text-align: center;"">{parents_assault}</td> <td style=""width: 28.3451%; text-align: center;"">{gparents_assault}</td> </tr> <tr> <td style=""width: 36.8316%;"">Epidemic or pandemic?</td> <td style=""width: 30.0424%; text-align: center;"">{parents_pandemic}</td> <td style=""width: 28.3451%; text-align: center;"">{gparents_pandemic}</td> </tr> </tbody> </table></div>",,,,,,,,,,,,," @ONTOLOGY='GECKO:0000132'"
parents_natdisaster,family_history_of_traumatic_life_events,,radio,"Have either of the participant's biological parents been exposed to a natural disaster?	","1, Yes | 0, No | -992, Not Sure",,,,,,,y,RH,,,," @ONTOLOGY='GECKO:0000132'"
gparents_natdisaster,family_history_of_traumatic_life_events,,radio,"Have either of the participant's biological grandparents been a victim of a natural disaster?	","1, Yes | 0, No | -992, Not Sure",,,,,,,y,RH,,,," @ONTOLOGY='GECKO:0000132'"
parents_military,family_history_of_traumatic_life_events,,radio,"Have either of the participant's biological parents been exposed to or experienced military combat or a war zone?	","1, Yes | 0, No | -992, Not Sure",,,,,,,y,RH,,,," @ONTOLOGY='GECKO:0000132'"
gparents_military,family_history_of_traumatic_life_events,,radio,"Have either of the participant's biological grandparents been exposed to or experienced military combat or a war zone?	","1, Yes | 0, No | -992, Not Sure",,,,,,,y,RH,,,," @ONTOLOGY='GECKO:0000132'"
parents_victim,family_history_of_traumatic_life_events,,radio,"Have either of the participant's biological parents been a victim of a serious accident (e.g. fire or explosion)?	","1, Yes | 0, No | -992, Not Sure",,,,,,,y,RH,,,," @ONTOLOGY='GECKO:0000132'"
gparents_victim,family_history_of_traumatic_life_events,,radio,"Have either of the participant's biological grandparents been a victim of a serious accident (e.g. fire or explosion)?	","1, Yes | 0, No | -992, Not Sure",,,,,,,y,RH,,,," @ONTOLOGY='GECKO:0000132'"
parents_imprison,family_history_of_traumatic_life_events,,radio,"Have either of the participant's biological parents experienced imprisonment?	","1, Yes | 0, No | -992, Not Sure",,,,,,,y,RH,,,," @ONTOLOGY='GECKO:0000132'"
gparents_imprison,family_history_of_traumatic_life_events,,radio,"Have either of the participant's biological grandparents experienced imprisonment?	","1, Yes | 0, No | -992, Not Sure",,,,,,,y,RH,,,," @ONTOLOGY='GECKO:0000132'"
parents_racialseg,family_history_of_traumatic_life_events,,radio,"Have either of the participant's biological parents been a victim of racial segregation?	","1, Yes | 0, No | -992, Not Sure",,,,,,,y,RH,,,," @ONTOLOGY='GECKO:0000132'"
gparents_racialseg,family_history_of_traumatic_life_events,,radio,"Have either of the participant's biological grandparents been a victim of racial segregation?	","1, Yes | 0, No | -992, Not Sure",,,,,,,y,RH,,,," @ONTOLOGY='GECKO:0000132'"
parents_assault,family_history_of_traumatic_life_events,,radio,"Have either of the participant's biological parents been a victim of physical assault?","1, Yes | 0, No | -992, Not Sure",,,,,,,y,RH,,,," @ONTOLOGY='GECKO:0000132'"
gparents_assault,family_history_of_traumatic_life_events,,radio,"Have either of the participant's biological grandparents been a victim of physical assault?","1, Yes | 0, No | -992, Not Sure",,,,,,,y,RH,,,," @ONTOLOGY='GECKO:0000132'"
parents_pandemic,family_history_of_traumatic_life_events,,radio,"Have either of the participant's biological parents experienced an epidemic or pandemic of infectious disease?","1, Yes | 0, No | -992, Not Sure",,,,,,,y,RH,,,," @ONTOLOGY='GECKO:0000132'"
gparents_pandemic,family_history_of_traumatic_life_events,,radio,"Have either of the participant's biological grandparents experienced an epidemic or pandemic of infectious disease?","1, Yes | 0, No | -992, Not Sure",,,,,,,y,RH,,,," @ONTOLOGY='GECKO:0000132'"
fam_hist_trauma_version,family_history_of_traumatic_life_events,,descriptive,"Family History of Traumatic Life Events - Instrument Version 2.0 Released September 2022
H3ABioNet & H3Africa Phenotype Standards",,,,,,,,,,,,,
