"Variable / Field Name","Form Name","Section Header","Field Type","Field Label","Choices, Calculations, OR Slider Labels","Field Note","Text Validation Type OR Show Slider Number","Text Validation Min","Text Validation Max",Identifier?,"Branching Logic (Show field only if...)","Required Field?","Custom Alignment","Question Number (surveys only)","Matrix Group Name","Matrix Ranking?","Field Annotation"
air_contaminants_colldate,air_contaminants,,text,"Collection date of air contaminant information:",,DD-MM-YYYY,date_dmy,,,,,y,,,,," @ONTOLOGY='NCIT:C81286'"
air_exposures_desc,air_contaminants,"<p style=""text-align: left; font-size: 14pt;font-style: Calibri;""><strong>AIR CONTAMINANTS</strong></p>",descriptive,"Air contaminants exposures during the last year:",,,,,,,,,,,,,
major_renovation,air_contaminants,,radio,"In the past year has there been a major renovation to this house or apartment, such as adding a room, putting up or taking down a wall, replacing windows, or refinishing floors?","1, Yes | 0, No | -992, Don't know",,,,,,,y,,,air_contam_exp,," @ONTOLOGY='ENVO:01000676'"
professional_cleaning,air_contaminants,,radio,"Within the last six months were rugs, drapes, or furniture professionally cleaned?","1, Yes | 0, No | -992, Don't know",,,,,,,y,,,air_contam_exp,," @ONTOLOGY='ENVO:01000676'"
painted,air_contaminants,,radio,"In the past year, was the inside of this house or apartment painted?","1, Yes | 0, No | -992, Don't know",,,,,,,y,,,air_contam_exp,," @ONTOLOGY='ENVO:01000676'"
new_carpets_rugs,air_contaminants,,radio,"In the past year were new carpets or rugs installed?","1, Yes | 0, No | -992, Don't know",,,,,,,y,,,air_contam_exp,," @ONTOLOGY='ENVO:01000676'"
dry_cleaning,air_contaminants,,radio,"Did you go to the dry cleaners during the past week?","1, Yes | 0, No | -992, Don't know",,,,,,,y,,,air_contam_exp,," @ONTOLOGY='ENVO:01000676'"
items_dry_cleaned,air_contaminants,,radio,"Did you bring home any items from the cleaners that were dry-cleaned during the past week?","1, Yes | 0, No | -992, Don't know",,,,,,,y,,,air_contam_exp,," @ONTOLOGY='ENVO:01000676'"
work_environment_2,air_contaminants,,descriptive,"Short-term Exposures: In the past 48 hours, has the participant or someone near them used/done any of the following:",,,,,,,,,,,,,
paints_solvents,air_contaminants,,radio,"Paints or solvents?","1, Yes | 0, No | -992, Don't know",,,,,,,y,,,short_air_exposures,," @ONTOLOGY='ENVO:01000676''"
glues_adhesives,air_contaminants,,radio,"Glues and adhesives?","1, Yes | 0, No | -992, Don't know",,,,,,,y,,,short_air_exposures,," @ONTOLOGY='ENVO:01000676''"
gasoline_equipment,air_contaminants,,radio,"Gasoline equipment (e.g. lawnmower; chainsaw)?","1, Yes | 0, No | -992, Don't know",,,,,,,y,,,short_air_exposures,," @ONTOLOGY='ENVO:01000676''"
sander_saw,air_contaminants,,radio,"Sander and/or saw?","1, Yes | 0, No | -992, Don't know",,,,,,,y,,,short_air_exposures,," @ONTOLOGY='ENVO:01000676''"
pesticides_sprayed,air_contaminants,,radio,"Pesticides sprayed?","1, Yes | 0, No | -992, Don't know",,,,,,,y,,,short_air_exposures,," @ONTOLOGY='ENVO:01000676''"
vacuuming,air_contaminants,,radio,Vacuuming?,"1, Yes | 0, No | -992, Don't know",,,,,,,y,,,short_air_exposures,," @ONTOLOGY='ENVO:01000676''"
sweeping_indoors,air_contaminants,,radio,"Sweeping indoors?","1, Yes | 0, No | -992, Don't know",,,,,,,y,,,short_air_exposures,," @ONTOLOGY='ENVO:01000676''"
dusting,air_contaminants,,radio,Dusting?,"1, Yes | 0, No | -992, Don't know",,,,,,,y,,,short_air_exposures,," @ONTOLOGY='ENVO:01000676''"
cleaning_solutions,air_contaminants,,radio,"Cleaning solutions?","1, Yes | 0, No | -992, Don't know",,,,,,,y,,,short_air_exposures,," @ONTOLOGY='ENVO:01000676''"
gardening,air_contaminants,,radio,Gardening?,"1, Yes | 0, No | -992, Don't know",,,,,,,y,,,short_air_exposures,," @ONTOLOGY='ENVO:01000676''"
metal_work_welding,air_contaminants,,radio,"Metal working/welding?","1, Yes | 0, No | -992, Don't know",,,,,,,y,,,short_air_exposures,," @ONTOLOGY='ENVO:01000676''"
woodworking,air_contaminants,,radio,Woodworking?,"1, Yes | 0, No | -992, Don't know",,,,,,,y,,,short_air_exposures,," @ONTOLOGY='ENVO:01000676''"
broiling_grilling_inside,air_contaminants,,radio,"Broiling, smoking, grilling or frying inside the house?","1, Yes | 0, No | -992, Don't know",,,,,,,y,,,short_air_exposures,," @ONTOLOGY='ENVO:01000676''"
broiling_grilling_outside,air_contaminants,,radio,"Broiling, smoking, grilling, or frying outside the house?","1, Yes | 0, No | -992, Don't know",,,,,,,y,,,short_air_exposures,," @ONTOLOGY='ENVO:01000676''"
air_contaminants_version,air_contaminants,,descriptive,"Air Contaminants  - Instrument Version 2.0 Released September 2022
H3ABioNet & H3Africa Phenotype Standards",,,,,,,,,,,,,
