"Variable / Field Name","Form Name","Section Header","Field Type","Field Label","Choices, Calculations, OR Slider Labels","Field Note","Text Validation Type OR Show Slider Number","Text Validation Min","Text Validation Max",Identifier?,"Branching Logic (Show field only if...)","Required Field?","Custom Alignment","Question Number (surveys only)","Matrix Group Name","Matrix Ranking?","Field Annotation"
preg_outcome_collectdate,last_pregnancy_outcome,,text,"Collection date of last pregnancy outcome information:",,DD-MM-YYYY,date_dmy,,,,,y,,,,," @ONTOLOGY='NCIT:C81286'"
lastpreg_date,last_pregnancy_outcome,"<p style=""text-align: left; font-size: 14pt;font-style: Calibri;""><strong>LAST PREGNANCY OUTCOME</strong></p>",text,"Date of last pregnancy outcome:",,DD-MM-YYYY,date_dmy,,,,"[sex]='2' AND [agecalc]>=12 AND [gravida]>0",y,,,,," @ONTOLOGY='GENEPIO:0001673'"
lastpreg_yrssince,last_pregnancy_outcome,,calc,"Years since last pregnancy outcome","datediff([lastpreg_date],'today', 'y')",,,,,,"[sex]='2' AND [agecalc]>=12 AND [gravida]>0",,,,,," @HIDDEN @ONTOLOGY='NCIT:C90491'"
lastpreg_outcome,last_pregnancy_outcome,,radio,"Specify last pregnancy outcome:","1, Abortion - induced | 2, Abortion - spontaneous | 3, Live birth - full term | 4, Live birth - pre-term (< 37 weeks gestation) | 5, Neo-natal death (0 - 6 days) | 6, Stillborn",,,,,,"[sex]='2' AND [agecalc]>=12 AND [gravida]>0",y,,,,," @ONTOLOGY='NCIT:C90491'"
lastpreg_delivery_method,last_pregnancy_outcome,,radio,"Delivery method:","1, Caesarean | 2, Unassisted vaginal | 3, Assisted vaginal delivery - tongs | 4, Assisted vaginal delivery - suction",,,,,,"[sex]='2' AND [agecalc]>=12 AND [gravida]>0 AND ([lastpreg_outcome]='3' OR [lastpreg_outcome]='4' OR [lastpreg_outcome]='5')",y,,,,," @ONTOLOGY='NCIT:C81179'"
lastpreg_numbabies,last_pregnancy_outcome,,text,"Number of babies delivered:",,,integer,0,9,,"[sex]='2' AND [agecalc]>=12 AND [gravida]>0 AND ([lastpreg_outcome]='3' OR [lastpreg_outcome]='4' OR [lastpreg_outcome]='5')",y,,,,,
lastpreg_congen_abnorm,last_pregnancy_outcome,,yesno,"Was there a congenital abnormality present?",,,,,,,"[sex]='2' AND [agecalc]>=12 AND [gravida]>0",y,,,,," @ONTOLOGY='MONDO:0000839'"
lastpreg_lowweight,last_pregnancy_outcome,,yesno,"Weight of baby/ies < 2.5kg?",,,,,,,"[sex]='2' AND [agecalc]>=12 AND [gravida]>0 AND ([lastpreg_outcome]='3' OR [lastpreg_outcome]='4')",y,,,,," @ONTOLOGY='OPMI:0000161'"
lastpreg_highweight,last_pregnancy_outcome,,yesno,"Weight of baby/ies > 4.5kg?",,,,,,,"[sex]='2' AND [agecalc]>=12 AND [gravida]>0 AND ([lastpreg_outcome]='3' OR [lastpreg_outcome]='4')",y,,,,," @ONTOLOGY='OPMI:0000161'"
preg_outcome_version,last_pregnancy_outcome,,descriptive,"Last Pregnancy Outcome  - Instrument Version 2.0 Released September 2022
H3ABioNet & H3Africa Phenotype Standards",,,,,,,,,,,,,
