"Variable / Field Name","Form Name","Section Header","Field Type","Field Label","Choices, Calculations, OR Slider Labels","Field Note","Text Validation Type OR Show Slider Number","Text Validation Min","Text Validation Max",Identifier?,"Branching Logic (Show field only if...)","Required Field?","Custom Alignment","Question Number (surveys only)","Matrix Group Name","Matrix Ranking?","Field Annotation"
allergy_collect_date,allergies,,text,"Collection date of allergy information:",,DD-MM-YYYY,date_dmy,,,,,y,,,,," @ONTOLOGY='NCIT:C81286'"
allergies,allergies,"<p style=""text-align: left; font-size: 14pt;font-style: Calibri;""><strong>ALLERGIES</strong></p>",yesno,"Does the participant have any known allergies?
",,,,,,,,y,,,,," @ONTOLOGY='HP:0012393'"
allergy_types,allergies,,checkbox,"(If Yes) Specify allergy/ies:
","1, Drug | 2, Milk/Lactose | 3, Eggs | 4, Tree Nuts | 5, Peanuts | 6, Shellfish | 7, Wheat Soy | 8, Fish | 777, Other",,,,,,[allergies]='1',y,,,,," @ONTOLOGY='HP:0012393'"
drug_allergy,allergies,,text,"(If Drug Allergy) Specify which drug/s:
",,,,,,,[allergy_types(1)]='1',y,,,,," @ONTOLOGY='HP:0410323'"
allergy_types_other,allergies,,text,"(If Other) Specify other allergy type/s:
",,,,,,,[allergy_types(777)]='1',y,,,,," @ONTOLOGY='HP:0012393'"
allergies_version,allergies,,descriptive,"Allergies - Instrument Version 2.0 Released September 2022
H3ABioNet & H3Africa Phenotype Standards",,,,,,,,,,,,,
