"Variable / Field Name","Form Name","Section Header","Field Type","Field Label","Choices, Calculations, OR Slider Labels","Field Note","Text Validation Type OR Show Slider Number","Text Validation Min","Text Validation Max",Identifier?,"Branching Logic (Show field only if...)","Required Field?","Custom Alignment","Question Number (surveys only)","Matrix Group Name","Matrix Ranking?","Field Annotation"
fam_comp_collectdate,family_composition,,text,"Collection date of family composition information:",,DD-MM-YYYY,date_dmy,,,,,y,,,,," @ONTOLOGY='NCIT:C81286'"
family_rel_terms,family_composition,"<p style=""text-align: left; font-size: 14pt;font-style: Calibri;""><strong>FAMILY COMPOSITION</strong></p>",checkbox,"It has been confirmed that the participant understands the following family relational terms:","1, Biological | 2, Adopted | 3, Nuclear | 4, Extended",,,,,,,y,,,,," @ONTOLOGY='GECKO:0000066'"
bio_siblings,family_composition,,radio,"Does the participant have biological siblings with whom they share at least one parent? (half siblings and those who have passed away are included)	","1, Yes | 0, No | -992, Not Sure",,,,,,,y,,,,," @ONTOLOGY='GECKO:0000066'"
nonbio_siblings,family_composition,,radio,"Does the participant have 'siblings' with whom they do not share any parents? (those who have passed away are included)	","1, Yes | 0, No | -992, Not Sure",,,,,,,y,,,,," @ONTOLOGY='GECKO:0000066'"
num_bio_siblings,family_composition,,text,"How many biological siblings (including those passed away) does the participant have?	",,,integer,0,30,,[bio_siblings]='1',y,,,,," @ONTOLOGY='NCIT_C102469'"
adopt_step_children,family_composition,,yesno,"Does the participant have any stepchildren or adopted children?	",,,,,,,,y,,,,," @ONTOLOGY='GECKO:0000066'"
num_bio_children,family_composition,,text,"How many biological children does the participant have?	",,,integer,0,30,,,y,,,,," @ONTOLOGY='GECKO:0000066'"
nucmems_alive,family_composition,,text,"How many of the participant's nuclear family members are alive?
",,,integer,0,40,,,y,,,,," @ONTOLOGY='GECKO:0000066'"
nucmems_deceased,family_composition,,text,"How many of the participant's nuclear family members have passed away?
",,,integer,0,40,,,y,,,,," @ONTOLOGY='GECKO:0000066'"
nucmems_cause_death,family_composition,,checkbox,"(If ANY) Indicate the health conditions that may have contributed to their death/s:","1, Cancer | 2, Cardiovascular System Disorder | 3, Circulatory System Disorder | 4, Digestive System Disorder | 5, Endocrine System Disorder | 6, Infectious Disease | 7, Integumentary System Disorder | 8, Mental Disorder | 9, Musculoskeletal System Disorder | 10, Nervous System Disorder | 11, Respiratory System Disorder | 777, Other",,,,,,[nucmems_deceased]>0,y,,,,," @ONTOLOGY='GECKO:0000132'"
nucmem_death_other,family_composition,,text,"(If Other) Specify other health condition/s contributing to cause of death/s:	",,,,,,,[nucmems_cause_death(777)]='1',y,,,,," @ONTOLOGY='GECKO:0000132'"
nucmem_death_specify,family_composition,,notes,"If known, provide the specific health condition/s contributing to cause of death/s:	",,,,,,,"[nucmems_cause_death(1)]='1' or [nucmems_cause_death(2)]='1' or [nucmems_cause_death(3)]='1' or [nucmems_cause_death(4)]='1' or [nucmems_cause_death(5)]='1' or [nucmems_cause_death(6)]='1' or [nucmems_cause_death(7)]='1' or [nucmems_cause_death(8)]='1' or [nucmems_cause_death(9)]='1'",y,,,,," @ONTOLOGY='GECKO:0000132'"
famhealth_narrative,family_composition,,notes,"Provide a brief narrative about the participant's overall nuclear and extended family health:",,,,,,,,y,,,,," @ONTOLOGY='GECKO:0000132'"
fam_comp_version,family_composition,,descriptive,"Family Composition  - Instrument Version 2.0 Released September 2022
H3ABioNet & H3Africa Phenotype Standards",,,,,,,,,,,,,
