"Variable / Field Name","Form Name","Section Header","Field Type","Field Label","Choices, Calculations, OR Slider Labels","Field Note","Text Validation Type OR Show Slider Number","Text Validation Min","Text Validation Max",Identifier?,"Branching Logic (Show field only if...)","Required Field?","Custom Alignment","Question Number (surveys only)","Matrix Group Name","Matrix Ranking?","Field Annotation"
dev_dis_collectdate,developmental_disorders,,text,"Collection date for developmental disorder information:",,DD-MM-YYYY,date_dmy,,,,,y,,,,," @ONTOLOGY='NCIT:C81286'"
fas,developmental_disorders,"<p style=""text-align: left; font-size: 14pt;font-style: Calibri;""><strong>DEVELOPMENTAL DISORDERS</strong></p>",yesno,"Has the participant ever been diagnosed with Fetal alcohol syndrome?
",,,,,,,,y,,,,," @ONTOLOGY='DOID:0050696'"
fas_diag_age_2,developmental_disorders,,text,"(If Yes) At what age?
",,"Provide age in years.",integer,0,99,,[fas]='1',y,,,,," @ONTOLOGY='NCIT:C156420'"
genetic_disorder,developmental_disorders,,yesno,"Has the participant ever been diagnosed with a developmental genetic disorder?
",,,,,,,,y,,,,," @ONTOLOGY='NCIT:C3101'"
genetic_disorder_diag_age,developmental_disorders,,text,"(If Yes) At what age?
",,"Provide age in years.",integer,0,19,,[genetic_disorder]='1',y,,,,," @ONTOLOGY='NCIT:C156420'"
genetic_disorder_type,developmental_disorders,,radio,"(If Yes) Specify developmental genetic disorder:
","1, Down Syndrome | 2, Fragile X | 777, Other",,,,,,[genetic_disorder]='1',y,,,,," @ONTOLOGY='NCIT:C3101'"
other_genetic_disorder,developmental_disorders,,text,"(If Other) Specify other genetic disorder:",,,,,,,[genetic_disorder_type]='777',y,,,,," @ONTOLOGY='NCIT:C3101'"
autism,developmental_disorders,,yesno,"Has the participant ever been diagnosed with an Autism spectrum disorder?
",,,,,,,,y,,,,," @ONTOLOGY='HP:0000717'"
autism_diag_age,developmental_disorders,,text,"(If Yes) At what age?
",,"Provide age in years.",integer,1,60,,[autism]='1',y,,,,," @ONTOLOGY='NCIT:C156420'"
adhd,developmental_disorders,,yesno,"Has the participant ever been diagnosed with Attention Deficit/Hyperactivity Disorder (ADHD)?
",,,,,,,,y,,,,," @ONTOLOGY='HP:0007018'"
adhd_diag_age,developmental_disorders,,text,"(If Yes) At what age?
",,"Provide age in years.",integer,2,80,,[adhd]='1',y,,,,," @ONTOLOGY='NCIT:C156420'"
learn_disorder,developmental_disorders,,yesno,"Has the participant ever been diagnosed with a Learning disorder?
",,,,,,,,y,,,,," @ONTOLOGY='MONDO:0004681'"
learn_disorder_diag_age,developmental_disorders,,text,"(If Yes) At what age?
",,"Provide age in years.",integer,0,19,,[learn_disorder]='1',y,,,,," @ONTOLOGY='NCIT:C156420'"
learn_disorder_type,developmental_disorders,,checkbox,"(If Yes) Specify ALL diagnosed learning disorders:
","1, Math (Dyscalulia) | 2, Reading (Dyslexia) | 3, Writing (Dysgraphia) | 4, Processing deficits",,,,,,[learn_disorder]='1',y,,,,," @ONTOLOGY='MONDO:0004681'"
speech_disorder,developmental_disorders,,yesno,"Has the participant ever been diagnosed with a language/speech disorder?
",,,,,,,,y,,,,," @ONTOLOGY='MONDO:0004750'"
speech_disorder_diag_age,developmental_disorders,,text,"(If Yes) At what age?
",,"Provide age in years.",integer,,,,[speech_disorder]='1',y,,,,," @ONTOLOGY='NCIT:C156420'"
dev_dis_version,developmental_disorders,,descriptive,"Developmental Disorders  - Instrument Version 2.0 Released September 2022
H3ABioNet & H3Africa Phenotype Standards",,,,,,,,,,,,,
