"Variable / Field Name","Form Name","Section Header","Field Type","Field Label","Choices, Calculations, OR Slider Labels","Field Note","Text Validation Type OR Show Slider Number","Text Validation Min","Text Validation Max",Identifier?,"Branching Logic (Show field only if...)","Required Field?","Custom Alignment","Question Number (surveys only)","Matrix Group Name","Matrix Ranking?","Field Annotation"
kidney_assay_collectdate,kidney_function_assay,,text,"Specimen collection date for kidney function assay:",,DD-MM-YYYY,date_dmy,,,,,y,,,,," @ONTOLOGY='NCIT:C81286'"
kidney_microalbumin,kidney_function_assay,"<p style=""text-align: left; font-size: 14pt;font-style: Calibri;""><strong>KIDNEY FUNCTION ASSAY</strong></p>",text,"Urinary Microalbumin:",,"in mg/dL",number,,,,,y,,,,," @ONTOLOGY='EFO:0010967'"
kidney_serum_albumin,kidney_function_assay,,text,"Serum Albumin:",,"in mg/dL",number,,,,,y,,,,," @ONTOLOGY='NCIT:C61015'"
kidney_serum_creatinine,kidney_function_assay,,text,"Serum Creatinine:",,"in mg/dL",number,,,,,y,,,,," @ONTOLOGY='CMO:0000057'"
kidney_serum_urea,kidney_function_assay,,text,"Serum Urea:",,"in mg/dL",number,,,,,y,,,,," @ONTOLOGY='EFO:0009795'"
kidney_est_egfr,kidney_function_assay,,text,"Estimated Glomerular Filtration Rate (eGFR):",,,number,,,,,y,,,,," @ONTOLOGY='SCDO:0000457'"
kidney_serum_sodium,kidney_function_assay,,text,"Serum Sodium:",,"in mg/dL",number,,,,,y,,,,," @ONTOLOGY='CMO:0000500'"
kidney_serum_potassium,kidney_function_assay,,text,"Serum Potassium:",,"in mg/dL",number,,,,,y,,,,," @ONTOLOGY='CMO:0000495'"
kidney_serum_chloride,kidney_function_assay,,text,"Serum Chloride:",,"in mg/dL",number,,,,,y,,,,," @ONTOLOGY='CMO:0000489'"
kidney_serum_glucose,kidney_function_assay,,text,"Serum Glucose:",,"in mg/dL",number,,,,,y,,,,," @ONTOLOGY='CMO:0000543'"
kidney_serum_bicarb,kidney_function_assay,,text,"Serum Bicarbonate:	",,"in mg/dL",number,,,,,y,,,,," @ONTOLOGY='CMO:0000488'"
kidney_assay_version,kidney_function_assay,,descriptive,"Kidney Function Assay - Instrument Version 2.0 Released September 2022
H3ABioNet & H3Africa Phenotype Standards",,,,,,,,,,,,,
