"Variable / Field Name","Form Name","Section Header","Field Type","Field Label","Choices, Calculations, OR Slider Labels","Field Note","Text Validation Type OR Show Slider Number","Text Validation Min","Text Validation Max",Identifier?,"Branching Logic (Show field only if...)","Required Field?","Custom Alignment","Question Number (surveys only)","Matrix Group Name","Matrix Ranking?","Field Annotation"
cd4_collect_date,cd4_measurement,,text,"Specimen collection date:	",,DD-MM-YYYY,date_dmy,,,,,y,,,,," @ONTOLOGY='NCIT:C81286'"
cd4_count,cd4_measurement,"<p style=""text-align: left; font-size: 14pt;font-style: Calibri;""><strong>CD4 COUNT AND PERCENTAGE</strong></p>",text,"CD4 Count:",,"in cells/ul",integer,,,,,y,,,,," @ONTOLOGY='CMO:0000596'"
cd4_percentage,cd4_measurement,,text,"CD4 Percentage:",,"in %",integer,,,,,y,,,,," @ONTOLOGY='CMO:0000596'"
cd4_version,cd4_measurement,,descriptive,"CD4 Count  - Instrument Version 2.0 Released September 2022
H3ABioNet & H3Africa Phenotype Standards",,,,,,,,,,,,,
