"Variable / Field Name","Form Name","Section Header","Field Type","Field Label","Choices, Calculations, OR Slider Labels","Field Note","Text Validation Type OR Show Slider Number","Text Validation Min","Text Validation Max",Identifier?,"Branching Logic (Show field only if...)","Required Field?","Custom Alignment","Question Number (surveys only)","Matrix Group Name","Matrix Ranking?","Field Annotation"
cvd_biomarkers_collectdate,cardiovascular_disease_blood_biomarkers,,text,"Specimen collection date for blood biomarkers:",,DD-MM-YYYY,date_dmy,,,,,y,,,,," @ONTOLOGY='NCIT:C81286'"
fasting_plasma_glucose,cardiovascular_disease_blood_biomarkers,"<p style=""text-align: left; font-size: 14pt;font-style: Calibri;""><strong>CARDIOVASCULAR DISEASE BLOOD BIOMARKERS</strong></p>",text,"Fasting plasma glucose:",,"in mg/dL",number,,,,,y,,,,," @ONTOLOGY='EFO:0004465'"
hba1c,cardiovascular_disease_blood_biomarkers,,text,HbA1c:,,%,integer,,,,,y,,,,," @ONTOLOGY='EFO:0004541'"
high_density_lipoprotein,cardiovascular_disease_blood_biomarkers,,text,"High-density lipoprotein:",,"in mg/dL",number,,,,,y,,,,," @ONTOLOGY='EFO:0004612'"
low_density_lipoprotein,cardiovascular_disease_blood_biomarkers,,text,"Low-density lipoprotein:",,"in mg/dL",number,,,,,y,,,,," @ONTOLOGY='EFO:0004611'"
insulin_result,cardiovascular_disease_blood_biomarkers,,text,Insulin:,,"in mIU/L",number,,,,,y,,,,," @ONTOLOGY='MAXO:0001172'"
total_cholesterol,cardiovascular_disease_blood_biomarkers,,text,"Total cholesterol:",,"in mg/dL",number,,,,,y,,,,," @ONTOLOGY='EFO:0004574'"
triglycerides,cardiovascular_disease_blood_biomarkers,,text,Triglycerides:,,"in mg/dL",number,,,,,y,,,,," @ONTOLOGY='EFO:0004530'"
cvd_biomarkers_version,cardiovascular_disease_blood_biomarkers,,descriptive,"Blood Biomarkers - Instrument Version 2.0 Released September 2022
H3ABioNet & H3Africa Phenotype Standards",,,,,,,,,,,,,
