"Variable / Field Name","Form Name","Section Header","Field Type","Field Label","Choices, Calculations, OR Slider Labels","Field Note","Text Validation Type OR Show Slider Number","Text Validation Min","Text Validation Max",Identifier?,"Branching Logic (Show field only if...)","Required Field?","Custom Alignment","Question Number (surveys only)","Matrix Group Name","Matrix Ranking?","Field Annotation"
hiv_detect_collectdate,hiv_detection,,text,"Specimen Collection Date:",,DD-MM-YYYY,date_dmy,,,,,y,,,,," @ONTOLOGY='NCIT:C81286'"
hiv_test_type,hiv_detection,"<p style=""text-align: left; font-size: 14pt;font-style: Calibri;""><strong>HIV DETECTION TEST</strong></p>",radio,"HIV Test Type:","1, HIV-1 RNA/DNA NAAT | 2, HIV-1 Culture | 3, HIV-1 P24 Antigen | 4, HIV-2 Culture | 5, HIV-2 RNA/DNA NAAT",,,,,,,y,,,,," @ONTOLOGY='NCIT:C173270'"
hiv_test_result,hiv_detection,,radio,"HIV Test Result:","1, Positive | 0, Negative | 2, Indeterminate",,,,,,,y,,,,," @ONTOLOGY='NCIT:C157155'"
hiv_type,hiv_detection,,radio,"(If Positive) HIV Type:","1, HIV-1 | 2, HIV-2",,,,,,[hiv_test_result]='1',y,,,,," @ONTOLOGY='NCIT:C157155'"
hiv_subtype,hiv_detection,,radio,"HIV Subtype:	","1, A | 2, B | 3, C | 4, D | 5, F | 6, G | 7, H | 8, J | 9, K",,,,,,[hiv_test_result]='1',y,,,,," @ONTOLOGY='NCIT:C157155'"
hiv_test_version,hiv_detection,,descriptive,"HIV Detection Test  - Instrument Version 2.0 Released September 2022
H3ABioNet & H3Africa Phenotype Standards",,,,,,,,,,,,,
