"Variable / Field Name","Form Name","Section Header","Field Type","Field Label","Choices, Calculations, OR Slider Labels","Field Note","Text Validation Type OR Show Slider Number","Text Validation Min","Text Validation Max",Identifier?,"Branching Logic (Show field only if...)","Required Field?","Custom Alignment","Question Number (surveys only)","Matrix Group Name","Matrix Ranking?","Field Annotation"
hypertens_collectdate,hypertension_history_core,,text,"Collection date of hypertension information:",,DD-MM-YYYY,date_dmy,,,,,y,,,,," @ONTOLOGY='NCIT:C81286'"
hypertens,hypertension_history_core,"<p style=""text-align: left; font-size: 14pt;font-style: Calibri;""><strong>HYPERTENSION HISTORY</strong></p>",radio,"Has a healthcare worker ever said the participant has high blood pressure or hypertension? ","1, Yes | 0, No",,,,,,,y,,,,," @ONTOLOGY='HP:0000822'"
hypertens_age,hypertension_history_core,,text,"(If Yes) At what age was the participant first told this? ",,"Provide age in years.",integer,1,100,,"[hypertens] = ""1""",y,,,,," @ONTOLOGY='EFO:0004918'"
gesthypertens,hypertension_history_core,,radio,"(<u>FOR</u> Women): Was this during pregnancy only?","1, Yes | 0, No",,,,,,"[hypertens] = ""1"" and [sex]=2",y,,,,," @ONTOLOGY='NCIT:C4371'"
bpmeds,hypertension_history_core,,radio,"Has the participant ever taken medication for hypertension/high blood pressure?","1, Yes now | 2, Yes not now | 0, No",,,,,,"[hypertens] = ""1""",y,,,,,
bpmedstart,hypertension_history_core,,text,"(If Yes) At what age did they begin taking medicine for hypertension/high blood pressure? ",,"Provide age in years.",integer,1,100,,"[bpmeds] = 1 or [bpmeds] = 2",y,,,,," @ONTOLOGY='SCDO:0000740'"
hypertens_version,hypertension_history_core,,descriptive,"Hypertension History - Core Instrument Version 2.0 Released September 2022
H3ABioNet & H3Africa Phenotype Standards",,,,,,,,,,,,,
