"Variable / Field Name","Form Name","Section Header","Field Type","Field Label","Choices, Calculations, OR Slider Labels","Field Note","Text Validation Type OR Show Slider Number","Text Validation Min","Text Validation Max",Identifier?,"Branching Logic (Show field only if...)","Required Field?","Custom Alignment","Question Number (surveys only)","Matrix Group Name","Matrix Ranking?","Field Annotation"
poststroke_collectdate,poststroke_risk_reduction_strategies,,text,"Collection date of post-stroke risk reduction strategies:",,DD-MM-YYYY,date_dmy,,,,,y,,,,," @ONTOLOGY='NCIT:C81286'"
poststroke_reduction,poststroke_risk_reduction_strategies,"<p style=""text-align: left; font-size: 14pt;font-style: Calibri;""><strong>POST-STROKE RISK REDUCTION STRATEGIES</strong></p>",yesno,"Has the participant ever employed any post-stroke risk reduction strategies?	",,,,,,,[stroke]='1',y,,,,," @ONTOLOGY='NCIT:C15712'"
poststroke_reductions,poststroke_risk_reduction_strategies,,checkbox,"(If Yes) Specify post-stroke risk reduction strategies employed:	","1, Antiarrhythmics | 2, Anticoagulant therapy | 3, Antidiabetics | 4, Antihypertensive drug therapy | 5, Antilipids | 6, Antiplatelet therapy | 7, Smoking Cessation | 8, Dietary changes | 9, Physical Activity changes | 10, Statin therapy | 11, Surgical Procedure | 777, Other",,,,,,"[stroke]='1' and [poststroke_reduction]='1'",y,,,,," @ONTOLOGY='NCIT:C15712'"
poststroke_reducations_oth,poststroke_risk_reduction_strategies,,text,"(If Other) Specify other post-stroke risk reduction strategies employed:	",,,,,,,[poststroke_reductions(777)]='1',y,,,,," @ONTOLOGY='NCIT:C15712'"
poststroke_version,poststroke_risk_reduction_strategies,,descriptive,"Post-Stroke Risk Reduction Strategies - Instrument Version 2.0 Released September 2022
H3ABioNet & H3Africa Phenotype Standards",,,,,,,,,,,,,
