"Variable / Field Name","Form Name","Section Header","Field Type","Field Label","Choices, Calculations, OR Slider Labels","Field Note","Text Validation Type OR Show Slider Number","Text Validation Min","Text Validation Max",Identifier?,"Branching Logic (Show field only if...)","Required Field?","Custom Alignment","Question Number (surveys only)","Matrix Group Name","Matrix Ranking?","Field Annotation"
hiv_vl_collectdate,hiv_viral_load,,text,"Specimen collection date:",,DD-MM-YYYY,date_dmy,,,,,y,,,,," @ONTOLOGY='NCIT:C81286'"
hiv_vl_test_type,hiv_viral_load,"<p style=""text-align: left; font-size: 14pt;font-style: Calibri;""><strong>QUANTITATIVE HIV VIRAL LOAD</strong></p>",radio,"HIV Viral Load test type:","1, HIV-1 RNA/DNA NAAT | 2, RT-PCR | 3, bDNA | 4, HIV-2 RNA/DNA NAAT | 777, Other",,,,,,,y,,,,," @ONTOLOGY='NCIT:C173270'"
hiv_vl_other_test,hiv_viral_load,,text,"(If Other) Specify other HIV Viral Load test type:",,,,,,,[hiv_vl_test_type]='777',y,,,,," @ONTOLOGY='NCIT:C173270'"
hiv_vl_detected,hiv_viral_load,,radio,"HIV Viral Load detectable?	","1, Detectable | 2, Undetectable",,,,,,,y,,,,," @ONTOLOGY='NCIT:C92544'"
hiv_vl_result,hiv_viral_load,,text,"Viral Load:",,copies/mL,integer,,,,[hiv_vl_detected]='1',y,,,,," @ONTOLOGY='NCIT:C92544'"
viral_load_version,hiv_viral_load,,descriptive,"Quantitative Viral Load  - Instrument Version 2.0 Released September 2022
H3ABioNet & H3Africa Phenotype Standards",,,,,,,,,,,,,
