"Variable / Field Name","Form Name","Section Header","Field Type","Field Label","Choices, Calculations, OR Slider Labels","Field Note","Text Validation Type OR Show Slider Number","Text Validation Min","Text Validation Max",Identifier?,"Branching Logic (Show field only if...)","Required Field?","Custom Alignment","Question Number (surveys only)","Matrix Group Name","Matrix Ranking?","Field Annotation"
urine_collectdate,urine_results,,text,"Urine sample collection date:",,DD-MM-YYYY,date_dmy,,,,,y,,,,," @ONTOLOGY='NCIT:C81286'"
urine_albumin,urine_results,,text,"Urinary albumin ",,mg/L,number,,,,,y,,,,," @ONTOLOGY='SCDO:0001209'"
urine_creatinine,urine_results,,text,"Urinary creatinine",,mg/L,number,,,,,y,,,,," @ONTOLOGY='SCDO:0001213'"
urine_protein,urine_results,,text,"Urinary total protein",,mg/L,number,,,,,y,,,,," @ONTOLOGY='NCIT:C74760'"
urine_results_version,urine_results,,descriptive,"Urine Results - Core Instrument Version 2.0 Released September 2022
H3ABioNet & H3Africa Phenotype Standards",,,,,,,,,,,,,
