"Variable / Field Name","Form Name","Section Header","Field Type","Field Label","Choices, Calculations, OR Slider Labels","Field Note","Text Validation Type OR Show Slider Number","Text Validation Min","Text Validation Max",Identifier?,"Branching Logic (Show field only if...)","Required Field?","Custom Alignment","Question Number (surveys only)","Matrix Group Name","Matrix Ranking?","Field Annotation"
strokehist_collectdate,stroke_history_core,,text,"Collection date for stroke information:",,DD-MM-YYYY,date_dmy,,,,,y,,,,," @ONTOLOGY='NCIT:C81286'"
stroke,stroke_history_core,"<p style=""text-align: left; font-size: 14pt;font-style: Calibri;""><strong>STROKE HISTORY</strong></p>",yesno,"Was the participant ever told by a doctor or healthcare worker he/she had a stroke?",,,,,,,,y,,,,," @ONTOLOGY='HP:0001297'"
tia,stroke_history_core,,yesno,"Was the participant ever told by a doctor or healthcare worker he/she had a TIA, ministroke, or transient ischemic attack?",,,,,,,,y,,,,," @ONTOLOGY='HP:0002326'"
tia_lasted,stroke_history_core,,radio,"If yes, how long did the weakness last?","1, A few minutes | 2, Less than 15 minutes | 3, Less than an hour | 4, A few hours | 5, More than a day",,,,,,[tia]='1',y,,,,," @ONTOLOGY='HP:0002326'"
weak_oneside,stroke_history_core,,yesno,"Has the participant ever had a sudden painless  weakness on one side of his/her body?",,,,,,,,y,,,,," @ONTOLOGY='SCDO:1000340'"
numb_oneside,stroke_history_core,,yesno,"Has the participant ever had a sudden numbness or a dead feeling on one side of his/her body?",,,,,,,,y,,,,," @ONTOLOGY='SCDO:1000340'"
lost_vision,stroke_history_core,,yesno,"Has the participant ever had a sudden painless loss of  vision in one or both eyes?",,,,,,,,y,,,,," @ONTOLOGY='SCDO:1000340'"
half_vision,stroke_history_core,,yesno,"Has the participant ever suddenly lost one half of his/her  vision?",,,,,,,,y,,,,," @ONTOLOGY='SCDO:1000340'"
lost_understand,stroke_history_core,,yesno,"Has the participant ever suddenly lost the ability to understand what people are saying?",,,,,,,,y,,,,," @ONTOLOGY='SCDO:1000340'"
lost_verbal,stroke_history_core,,yesno,"Has the participant ever suddenly lost the ability to express himself/herself verbally or in writing?",,,,,,,,y,,,,," @ONTOLOGY='SCDO:1000340'"
stroke_core_version,stroke_history_core,,descriptive,"Stroke - Core Instrument Version 2.0 Released September 2022
H3ABioNet & H3Africa Phenotype Standards",,,,,,,,,,,,,
