"Variable / Field Name","Form Name","Section Header","Field Type","Field Label","Choices, Calculations, OR Slider Labels","Field Note","Text Validation Type OR Show Slider Number","Text Validation Min","Text Validation Max",Identifier?,"Branching Logic (Show field only if...)","Required Field?","Custom Alignment","Question Number (surveys only)","Matrix Group Name","Matrix Ranking?","Field Annotation"
diet_supp_collectdate,dietary_supplements,,text,"Collection date of dietary supplement information:",,DD-MM-YYYY,date_dmy,,,,,y,,,,," @ONTOLOGY='NCIT:C81286'"
dietary_supplements,dietary_supplements,"<p style=""text-align: left; font-size: 14pt;font-style: Calibri;""><strong>DIETARY SUPPLEMENTS</strong></p>",yesno,"Did the participant take any dietary supplements during the past year, at least once a week?	
",,,,,,,,y,,,,," @ONTOLOGY='OAE:0000014'"
desc_diet_supplements,dietary_supplements,,descriptive,"<div class=""rich-text-field-label""><p><em>For each of the following:</em></p></div>",,,,,,,,,,,,,
multivit_freq,dietary_supplements,,radio,"Multivitamin: How often have you been taking this supplement?","1, Daily | 2, 4-6 times a week | 3, 1-3 times a week | 4, Never",,,,,,[dietary_supplements]='1',y,,,,," @ONTOLOGY='MAXO:0000107"
multivit_duration,dietary_supplements,,radio,"Multivitamin: For how many years have you been taking this supplement?","1, 1 year or less | 2, 2 to 4 years | 3, 5 to 9 years | 4, 10 years or more",,,,,,"[dietary_supplements]='1' and [multivit_freq]<>'4'",y,,,,," @ONTOLOGY='MAXO:0000107"
vit_b6_freq,dietary_supplements,,radio,"Vitamin B6: How often have you been taking this supplement?

","1, Daily | 2, 4-6 times a week | 3, 1-3 times a week | 4, Never",,,,,,[dietary_supplements]='1',y,,,,," @ONTOLOGY='MAXO:0010017'"
vit_b6_duration,dietary_supplements,,radio,"Vitamin B6: For how many years have you been taking this supplement?
","1, 1 year or less | 2, 2 to 4 years | 3, 5 to 9 years | 4, 10 years or more",,,,,,"[dietary_supplements]='1' and [vit_b6_freq]<>'4'",y,,,,," @ONTOLOGY='MAXO:0010017'"
vit_b12_freq,dietary_supplements,,radio,"Vitamin B12: How often have you been taking this supplement?

","1, Daily | 2, 4-6 times a week | 3, 1-3 times a week | 4, Never",,,,,,[dietary_supplements]='1',y,,,,," @ONTOLOGY='MAXO:0000760'"
vit_b12_duration,dietary_supplements,,radio,"Vitamin B12: For how many years have you been taking this supplement?
","1, 1 year or less | 2, 2 to 4 years | 3, 5 to 9 years | 4, 10 years or more",,,,,,"[dietary_supplements]='1' and [vit_b12_freq]<>'4'",y,,,,," @ONTOLOGY='MAXO:0000760'"
vit_c_freq,dietary_supplements,,radio,"Vitamin C: How often have you been taking this supplement?
","1, Daily | 2, 4-6 times a week | 3, 1-3 times a week | 4, Never",,,,,,[dietary_supplements]='1',y,,,,," @ONTOLOGY='MAXO:0000109'"
vit_c_duration,dietary_supplements,,radio,"Vitamin C: For how many years have you been taking this supplement?

","1, 1 year or less | 2, 2 to 4 years | 3, 5 to 9 years | 4, 10 years or more",,,,,,"[dietary_supplements]='1' and [vit_c_freq]<>'4'",y,,,,," @ONTOLOGY='MAXO:0000109'"
vit_d_freq,dietary_supplements,,radio,"Vitamin D: How often have you been taking this supplement?
","1, Daily | 2, 4-6 times a week | 3, 1-3 times a week | 4, Never",,,,,,[dietary_supplements]='1',y,,,,," @ONTOLOGY='MAXO:0000110'"
vit_d_duration,dietary_supplements,,radio,"Vitamin D: For how many years have you been taking this supplement?
","1, 1 year or less | 2, 2 to 4 years | 3, 5 to 9 years | 4, 10 years or more",,,,,,"[dietary_supplements]='1' and [vit_d_freq]<>'4'",y,,,,," @ONTOLOGY='MAXO:0000110'"
vit_e_freq,dietary_supplements,,radio,"Vitamin E: How often have you been taking this supplement?

","1, Daily | 2, 4-6 times a week | 3, 1-3 times a week | 4, Never",,,,,,[dietary_supplements]='1',y,,,,," @ONTOLOGY='CHEBI:33234'"
vit_e_duration,dietary_supplements,,radio,"Vitamin E: For how many years have you been taking this supplement?
","1, 1 year or less | 2, 2 to 4 years | 3, 5 to 9 years | 4, 10 years or more",,,,,,"[dietary_supplements]='1' and [vit_e_freq]<>'4'",y,,,,," @ONTOLOGY='CHEBI:33234'"
folic_freq,dietary_supplements,,radio,"Folic Acid: How often have you been taking this supplement?
","1, Daily | 2, 4-6 times a week | 3, 1-3 times a week | 4, Never",,,,,,[dietary_supplements]='1',y,,,,," @ONTOLOGY='MAXO:0001128'"
folic_duration,dietary_supplements,,radio,"Folic Acid: For how many years have you been taking this supplement?
","1, 1 year or less | 2, 2 to 4 years | 3, 5 to 9 years | 4, 10 years or more",,,,,,"[dietary_supplements]='1' and [folic_freq]<>'4'",y,,,,," @ONTOLOGY='MAXO:0001128'"
calc_freq,dietary_supplements,,radio,"Calcium: How often have you been taking this supplement?
","1, Daily | 2, 4-6 times a week | 3, 1-3 times a week | 4, Never",,,,,,[dietary_supplements]='1',y,,,,," @ONTOLOGY='MAXO:0001139'"
calc_duration,dietary_supplements,,radio,"Calcium: For how many years have you been taking this supplement?
","1, 1 year or less | 2, 2 to 4 years | 3, 5 to 9 years | 4, 10 years or more",,,,,,"[dietary_supplements]='1' and [calc_freq]<>'4'",y,,,,," @ONTOLOGY='MAXO:0001139'"
iron_freq,dietary_supplements,,radio,"Iron: How often have you been taking this supplement?

","1, Daily | 2, 4-6 times a week | 3, 1-3 times a week | 4, Never",,,,,,[dietary_supplements]='1',y,,,,," @ONTOLOGY='MAXO:0000108'"
iron_duration,dietary_supplements,,radio,"Iron: For how many years have you been taking this supplement?
","1, 1 year or less | 2, 2 to 4 years | 3, 5 to 9 years | 4, 10 years or more",,,,,,"[dietary_supplements]='1' and [iron_freq]<>'4'",y,,,,," @ONTOLOGY='MAXO:0000108'"
magnesium_freq,dietary_supplements,,radio,"Magnesium: How often have you been taking this supplement?

","1, Daily | 2, 4-6 times a week | 3, 1-3 times a week | 4, Never",,,,,,[dietary_supplements]='1',y,,,,," @ONTOLOGY='MAXO:0001149'"
magnesium_duration,dietary_supplements,,radio,"Magnesium: For how many years have you been taking this supplement?","1, 1 year or less | 2, 2 to 4 years | 3, 5 to 9 years | 4, 10 years or more",,,,,,"[dietary_supplements]='1' and [magnesium_freq]<>'4'",y,,,,," @ONTOLOGY='MAXO:0001149'"
protein_freq,dietary_supplements,,radio,"Protein Supplement: How often have you been taking this supplement?

","1, Daily | 2, 4-6 times a week | 3, 1-3 times a week | 4, Never",,,,,,[dietary_supplements]='1',y,,,,," @ONTOLOGY='MAXO:0010020'"
protein_duration,dietary_supplements,,radio,"Protein Supplement: For how many years have you been taking this supplement?","1, 1 year or less | 2, 2 to 4 years | 3, 5 to 9 years | 4, 10 years or more",,,,,,"[dietary_supplements]='1' and [protein_freq]<>'4'",y,,,,," @ONTOLOGY='MAXO:0010020'"
selenium_freq,dietary_supplements,,radio,"Selenium: How often have you been taking this supplement?

","1, Daily | 2, 4-6 times a week | 3, 1-3 times a week | 4, Never",,,,,,[dietary_supplements]='1',y,,,,," @ONTOLOGY='CHEBI:27568'"
selenium_duration,dietary_supplements,,radio,"Selenium: For how many years have you been taking this supplement?","1, 1 year or less | 2, 2 to 4 years | 3, 5 to 9 years | 4, 10 years or more",,,,,,"[dietary_supplements]='1' and [selenium_freq]<>'4'",y,,,,," @ONTOLOGY='CHEBI:27568'"
zinc_freq,dietary_supplements,,radio,"Zinc: How often have you been taking this supplement?

","1, Daily | 2, 4-6 times a week | 3, 1-3 times a week | 4, Never",,,,,,[dietary_supplements]='1',y,,,,," @ONTOLOGY='DRON:00723191'"
zinc_duration,dietary_supplements,,radio,"Zinc: For how many years have you been taking this supplement?
","1, 1 year or less | 2, 2 to 4 years | 3, 5 to 9 years | 4, 10 years or more",,,,,,"[dietary_supplements]='1' and [zinc_freq]<>'4'",y,,,,," @ONTOLOGY='DRON:00723191'"
q10_freq,dietary_supplements,,radio,"Coenzyme Q-10: How often have you been taking this supplement?

","1, Daily | 2, 4-6 times a week | 3, 1-3 times a week | 4, Never",,,,,,[dietary_supplements]='1',y,,,,," @ONTOLOGY='MAXO:0010012'"
q10_duration,dietary_supplements,,radio,"Coenzyme Q-10: For how many years have you been taking this supplement?
","1, 1 year or less | 2, 2 to 4 years | 3, 5 to 9 years | 4, 10 years or more",,,,,,"[dietary_supplements]='1' and [q10_freq]<>'4'",y,,,,," @ONTOLOGY='MAXO:0010012'"
flaxseed_freq,dietary_supplements,,radio,"Flaxseed: How often have you been taking this supplement?

","1, Daily | 2, 4-6 times a week | 3, 1-3 times a week | 4, Never",,,,,,[dietary_supplements]='1',y,,,,," @ONTOLOGY='FOODON:3500003'"
flaxseed_duration,dietary_supplements,,radio,"Flaxseed: For how many years have you been taking this supplement?
","1, 1 year or less | 2, 2 to 4 years | 3, 5 to 9 years | 4, 10 years or more",,,,,,"[dietary_supplements]='1' and [flaxseed_freq]<>'4'",y,,,,," @ONTOLOGY='FOODON:3500003'"
garlic_freq,dietary_supplements,,radio,"Garlic: How often have you been taking this supplement?

","1, Daily | 2, 4-6 times a week | 3, 1-3 times a week | 4, Never",,,,,,[dietary_supplements]='1',y,,,,," @ONTOLOGY='NCIT:C38706'"
garlic_duration,dietary_supplements,,radio,"Garlic: For how many years have you been taking this supplement?
","1, 1 year or less | 2, 2 to 4 years | 3, 5 to 9 years | 4, 10 years or more",,,,,,"[dietary_supplements]='1' and [garlic_freq]<>'4'",y,,,,," @ONTOLOGY='NCIT:C38706'"
glucosamine_freq,dietary_supplements,,radio,"Glucosamine: How often have you been taking this supplement?
","1, Daily | 2, 4-6 times a week | 3, 1-3 times a week | 4, Never",,,,,,[dietary_supplements]='1',y,,,,," @ONTOLOGY='FOODON:3500006'"
glucosamine_duration,dietary_supplements,,radio,"Glucosamine: For how many years have you been taking this supplement?
","1, 1 year or less | 2, 2 to 4 years | 3, 5 to 9 years | 4, 10 years or more",,,,,,"[dietary_supplements]='1' and [glucosamine_freq]<>'4'",y,,,,," @ONTOLOGY='FOODON:3500006'"
probiotics_freq,dietary_supplements,,radio,"Probiotics: How often have you been taking this supplement?
","1, Daily | 2, 4-6 times a week | 3, 1-3 times a week | 4, Never",,,,,,[dietary_supplements]='1',y,,,,," @ONTOLOGY='OMIT:0019903'"
probiotics_duration,dietary_supplements,,radio,"Probiotics: For how many years have you been taking this supplement?
","1, 1 year or less | 2, 2 to 4 years | 3, 5 to 9 years | 4, 10 years or more",,,,,,"[dietary_supplements]='1' and [probiotics_freq]<>'4'",y,,,,," @ONTOLOGY='OMIT:0019903'"
saw_palmetto_freq,dietary_supplements,,radio,"Saw Palmetto: How often have you been taking this supplement?
","1, Daily | 2, 4-6 times a week | 3, 1-3 times a week | 4, Never",,,,,,[dietary_supplements]='1',y,,,,," @ONTOLOGY='DRON:00018041'"
saw_palmetto_duration,dietary_supplements,,radio,"Saw Palmetto: For how many years have you been taking this supplement?
","1, 1 year or less | 2, 2 to 4 years | 3, 5 to 9 years | 4, 10 years or more",,,,,,"[dietary_supplements]='1' and [saw_palmetto_freq]<>'4'",y,,,,," @ONTOLOGY='DRON:00018041'"
diet_supp_version,dietary_supplements,,descriptive,"Dietary Supplements - Instrument Version 2.0 Released September 2022
H3ABioNet & H3Africa Phenotype Standards",,,,,,,,,,,,,
