"Variable / Field Name","Form Name","Section Header","Field Type","Field Label","Choices, Calculations, OR Slider Labels","Field Note","Text Validation Type OR Show Slider Number","Text Validation Min","Text Validation Max",Identifier?,"Branching Logic (Show field only if...)","Required Field?","Custom Alignment","Question Number (surveys only)","Matrix Group Name","Matrix Ranking?","Field Annotation"
liver_func_collectdate,liver_function_assay,,text,"Specimen collection date:",,DD-MM-YYYY,date_dmy,,,,,y,,,,," @ONTOLOGY='NCIT:C81286'"
hiv_alt,liver_function_assay,"<p style=""text-align: left; font-size: 14pt;font-style: Calibri;""><strong>LIVER FUNCTION ASSAY</strong></p>",text,"Alanine aminotransferase (ALT):",,U/L,number,,,,,y,,,,," @ONTOLOGY='NCIT:C64433'"
hiv_ast,liver_function_assay,,text,"Aspartate aminotransferase (AST):",,U/L,number,,,,,y,,,,," @ONTOLOGY='NCIT:C64467'"
hiv_alp,liver_function_assay,,text,"Alkaline phosphatase (ALP):	",,U/L,number,,,,,y,,,,," @ONTOLOGY='NCIT:C16276'"
hiv_bilirubin,liver_function_assay,,text,Bilirubin:,,mg/dL,number,,,,,y,,,,," @ONTOLOGY='MAXO:0000848'"
hiv_albumin,liver_function_assay,,text,Albumin:,,g/dL,number,,,,,y,,,,," @ONTOLOGY='NCIT:C64431'"
hiv_total_protein,liver_function_assay,,text,"Total protein:",,g/dL,number,,,,,y,,,,," @ONTOLOGY='NCIT:C64858'"
hiv_ggt,liver_function_assay,,text,"Gamma-glutamyl transferase (GGT):",,U/L,number,,,,,y,,,,," @ONTOLOGY='EFO:0004532'"
liver_function_version,liver_function_assay,,descriptive,"Liver Function Assay  - Instrument Version 2.0 Released September 2022
H3ABioNet & H3Africa Phenotype Standards",,,,,,,,,,,,,
