"Variable / Field Name","Form Name","Section Header","Field Type","Field Label","Choices, Calculations, OR Slider Labels","Field Note","Text Validation Type OR Show Slider Number","Text Validation Min","Text Validation Max",Identifier?,"Branching Logic (Show field only if...)","Required Field?","Custom Alignment","Question Number (surveys only)","Matrix Group Name","Matrix Ranking?","Field Annotation"
cancerprog_collectdate,cancer_prognosis_treatment,,text,"Collection date for cancer prognosis and treatment information:",,DD-MM-YYYY,date_dmy,,,,"[cancer] = 1",y,,,,," @ONTOLOGY='NCIT:C81286'"
cancer_diag_date,cancer_prognosis_treatment,"<p style=""text-align: left; font-size: 14pt;font-style: Calibri;""><strong>CANCER PROGNOSIS</strong></p>",text,"Date of cancer diagnosis:
",,DD-MM-YYYY,date_dmy,,,,"[cancer] = 1",y,,,,," @ONTOLOGY='NCIT:C157121'"
age_at_cancer_diagnosis,cancer_prognosis_treatment,,text,"Age at cancer diagnosis:
",,"Provide age in years.",integer,,,,"[cancer] = 1",y,,,,," @ONTOLOGY='OPMI:0004482'"
cancer_site,cancer_prognosis_treatment,,radio,"Specify the cancer site:
","1, Bone | 2, Brain | 3, Breast | 4, Cervix | 5, Colon/Rectum | 6, Endometrium | 7, Ovary | 8, Lung | 9, Lymphatic System | 10, Ovary | 11, Pancreas | 12, Prostate | 13, Skin | 14, Thyroid | 777, Other",,,,,,"[cancer] = 1",y,,,,," @ONTOLOGY='NCIT:C16213'"
cancer_site_other,cancer_prognosis_treatment,,text,"(If Other) Specify cancer site:
",,,,,,,"[cancer_site] = '777'",y,,,,," @ONTOLOGY='NCIT:C16213'"
cancer_metastasis,cancer_prognosis_treatment,,radio,"Did this cancer metastasize (spread to other body sites)?
","1, Yes | 0, No | -992, Don't know",,,,,,"[cancer] = 1",y,,,,," @ONTOLOGY='EFO:0009708'"
cancer_metastasis_site,cancer_prognosis_treatment,,notes,"(If Yes) Specify metastasis site/s:        
",,,,,,,"[cancer_metastasis] = '1'",y,,,,," @ONTOLOGY='NCIT:C172233'"
cancer_recur,cancer_prognosis_treatment,,yesno,"Did this cancer recur?",,,,,,,"[cancer] = 1",y,,,,," @ONTOLOGY='NCIT:C4798'"
cancer_recur_date,cancer_prognosis_treatment,,text,"(If Yes) Specify the date of recurrence:
",,DD-MM-YYYY,date_dmy,,,,"[cancer]='1' and [cancer_recur] = '1'",y,,,,," @ONTOLOGY='NCIT:C171136'"
cancer_stage,cancer_prognosis_treatment,,radio,"Specify highest cancer stage:","1, Stage 1 | 2, Stage 2 | 3, Stage 3 | 4, Stage 4",,,,,,"[cancer] = 1",y,,,,," @ONTOLOGY='OGMS:0000134'"
cancer_outcome,cancer_prognosis_treatment,,radio,"Specify cancer outcome:
","1, Still active | 2, In remission | 3, Recovered",,,,,,"[cancer] = 1",y,,,,," @ONTOLOGY='NCIT:C18226'"
cancer_surgery,cancer_prognosis_treatment,"<p style=""text-align: left; font-size: 14pt;font-style: Calibri;""><strong>CANCER TREATMENT HISTORY</strong></p>",yesno,"Did the participant have surgery for this cancer?
",,,,,,,"[cancer] = 1",y,,,,," @ONTOLOGY='NCIT:C157740'"
cancer_surgury_num,cancer_prognosis_treatment,,text,"(If Yes) How many surgeries?
",,"Number of surgeries.",integer,,,,"[cancer_surgery] = '1'",y,,,,," @ONTOLOGY='NCIT:C157740'"
cancer_surgery_name,cancer_prognosis_treatment,,notes,"(If Yes) Specify the surgery/ies:
",,,,,,,[cancer_surgery]='1',y,,,,," @ONTOLOGY='NCIT:C157740'"
cancer_chemo,cancer_prognosis_treatment,,radio,"Did the participant receive chemotherapy for this cancer?
","1, Yes | 0, No | -992, Don't know",,,,,,"[cancer] = 1",y,,,,," @ONTOLOGY='MAXO:0000647'"
chemo_ongoing,cancer_prognosis_treatment,,yesno,"Chemotherapy ongoing?",,,,,,,[cancer_chemo]='1',,,,,,
cancer_chemo_complete,cancer_prognosis_treatment,,text,"Specify date chemotherapy completed:
",,DD-MM-YYYY,date_dmy,,,,"[cancer_chemo] = '1' and [chemo_ongoing]='0'",y,,,,," @ONTOLOGY='GENEPIO:0001036'"
cancer_radiotherapy,cancer_prognosis_treatment,,radio,"Did the participant receive radiotherapy for this cancer?
","1, Yes | 0, No | -992, Don't know",,,,,,"[cancer] = 1",y,,,,," @ONTOLOGY='OAE:0000235'"
radio_ongoing,cancer_prognosis_treatment,,yesno,"Radiotherapy ongoing?",,,,,,,[cancer_radiotherapy]='1',y,,,,,
cancer_radio_complete,cancer_prognosis_treatment,,text,"Specify date radiotherapy completed:
",,DD-MM-YYYY,date_dmy,,,,"[cancer_radiotherapy]='1' and [radio_ongoing]='0'",y,,,,," @ONTOLOGY='GENEPIO:0001036'"
cancer_hormonal_tx,cancer_prognosis_treatment,,radio,"Did the participant receive hormonal therapy for this cancer?
","1, Yes | 0, No | -992, Don't know",,,,,,"[cancer] = 1",y,,,,," @ONTOLOGY='NCIT:C15445'"
cancer_hormonal_complete,cancer_prognosis_treatment,,text,"Specify date hormonal therapy completed:
",,DD-MM-YYYY,date_dmy,,,,[cancer_hormonal_tx]='1',y,,,,," @ONTOLOGY='GENEPIO:0001036'"
cancer_other_tx,cancer_prognosis_treatment,,radio,"Did the participant receive any other type/s of therapy for this cancer?
","1, Yes | 0, No | -992, Don't know",,,,,,"[cancer] = 1",y,,,,," @ONTOLOGY='NCIT:C15645'"
cancer_other_tx_spec,cancer_prognosis_treatment,,text,"(If Yes) Specify type/s of therapy received for this cancer:",,,,,,,[cancer_other_tx]='1',y,,,,," @ONTOLOGY='NCIT:C15645'"
cancer_progtx_version,cancer_prognosis_treatment,,descriptive,"Cancer Prognosis & Treatment History - Instrument Version 2.0 Released September 2022
H3ABioNet & H3Africa Phenotype Standards",,,,,,,,,,,,,
