"Variable / Field Name","Form Name","Section Header","Field Type","Field Label","Choices, Calculations, OR Slider Labels","Field Note","Text Validation Type OR Show Slider Number","Text Validation Min","Text Validation Max",Identifier?,"Branching Logic (Show field only if...)","Required Field?","Custom Alignment","Question Number (surveys only)","Matrix Group Name","Matrix Ranking?","Field Annotation"
rare_dis_colldate,rare_disorders,,text,"Collection date for rare disorder information:",,DD-MM-YYYY,date_dmy,,,,,y,,,,," @ONTOLOGY='NCIT:C81286'"
rare_disorder,rare_disorders,"<p style=""text-align: left; font-size: 14pt;font-style: Calibri;""><strong>RARE DISORDERS</strong></p>",yesno,"Has the participant ever been diagnosed with a rare disorder?	",,,,,,,,y,,,,," @ONTOLOGY='NCIT:C4873'"
rare_disorder_type,rare_disorders,,text,"(If Yes) Specify the rare disorder:",,,,,,,[rare_disorder]='1',y,,,,," @ONTOLOGY='NCIT:C4873'"
rare_disorder_tx,rare_disorders,,radio,"(If Yes) Is the participant undergoing treatment for the rare disorder?","1, Yes | 0, No",,,,,,[rare_disorder]='1',y,,,,,
rare_disorder_tx_details,rare_disorders,,text,"(If Yes) Specify treatment participant is undergoing for rare disorder:",,,,,,,[rare_disorder_tx]='1',y,,,,,
rare_dis_version,rare_disorders,,descriptive,"Rare Disorders  - Instrument Version 2.0 Released September 2022
H3ABioNet & H3Africa Phenotype Standards",,,,,,,,,,,,,
