"Variable / Field Name","Form Name","Section Header","Field Type","Field Label","Choices, Calculations, OR Slider Labels","Field Note","Text Validation Type OR Show Slider Number","Text Validation Min","Text Validation Max",Identifier?,"Branching Logic (Show field only if...)","Required Field?","Custom Alignment","Question Number (surveys only)","Matrix Group Name","Matrix Ranking?","Field Annotation"
kidney_tx_collectdate,kidney_treatment_status,,text,"Collection date for kidney treatment information:",,DD-MM-YYYY,date_dmy,,,,,y,,,,," @ONTOLOGY='NCIT:C81286'"
renal_dial_curr,kidney_treatment_status,"<p style=""text-align: left; font-size: 14pt;font-style: Calibri;""><strong>KIDNEY TREATMENT STATUS</strong></p>",radio,"Is the participant currently on renal dialysis?	","1, Yes | 0, No",,,,,,,y,,,,," @ONTOLOGY='MAXO:0000601'"
dialysis_type,kidney_treatment_status,,radio,"If yes, what type of renal dialysis is the participant currently on?	","1, Haemodialysis | 2, Peritoneal dialysis",,,,,,[renal_dial_curr]='1',y,,,,," @ONTOLOGY='MAXO:0000601'"
haemodial_freq,kidney_treatment_status,,radio,"If currently on haemodialysis, how frequently does the participant get dialysis?	","1, Once a week | 2, Twice a week | 3, Three times a week | 4, Four or more times a week",,,,,,[dialysis_type]='1',y,,,,," @ONTOLOGY='NCIT:C15697'"
haemodial_duration,kidney_treatment_status,,radio,"If currently on haemodialysis, how many hours is the participant's typical session?	","1, Less than or equal to 2 hours per session | 2, More than 2 hours but less than or equal to 3 hours per session | 3, More than 3 hours but less than or equal to 4 hours per session | 4, More than 4 hours per session",,,,,,[dialysis_type]='1',y,,,,," @ONTOLOGY='NCIT:C15697'"
haemodial_missed,kidney_treatment_status,,radio,"If currently on haemodialysis, how many sessions does the participant usually miss per month?	","0, 0 sessions per month | 1, 1 or 2 sessions a month | 2, 3 or 4 sessions a month | 3, More than 4 sessions a month",,,,,,[dialysis_type]='1',y,,,,," @ONTOLOGY='NCIT:C15697'"
peritoneal_dial_freq,kidney_treatment_status,,radio,"If currently on peritoneal dialysis, how many daytime exchanges does the participant typically have?	","1, A night time cycler with one long daytime exchange | 2, Three or less daytime exchanges | 3, Four daytime exchanges | 4, More than four daytime exchanges",,,,,,[dialysis_type]='2',y,,,,," @ONTOLOGY='NCIT:C15697'"
peritoneal_dial_exchange,kidney_treatment_status,,radio,"If currently on peritoneal dialysis, how many litres does the participant typically exchange?	","1, Less than or equal to 1 litre in volume per dwell period | 2, More than 1 litre but less than or equal to 2 litres in volume per dwell period | 3, More than 2 litres but less than or equal to 2.5 litres in volume per dwell period | 4, More than 2.5 litres but less than or equal to 3 litres in volume per dwell period | 5, More than 3 litres in volume per dwell period",,,,,,[dialysis_type]='2',y,,,,," @ONTOLOGY='NCIT:C15697'"
dial_access_type,kidney_treatment_status,,checkbox,"What type/s of dialysis access does the participant currently have?	","1, Venous catheter | 2, Arteriovenous graft | 3, Arteriovenous fistula | 4, Peritoneal catheter",,,,,,[renal_dial_curr]='1',y,,,,," @ONTOLOGY='NCIT:C15697'"
dial_start_rsn,kidney_treatment_status,,radio,"What was the reason for starting dialysis (current or past)?	","1, Congestive heart failure | 2, Build up of uremic (kidney) toxins | 3, Result of a procedure | 777, Other",,,,,,"[renal_dial_curr]='1' or [renaldialysis_past]='1'",y,,,,," @ONTOLOGY='NCIT:C15697'"
dialysis_start_rsn_other,kidney_treatment_status,,text,"If Other, specify reason:	",,,,,,,[dial_start_rsn]='777',y,,,,," @ONTOLOGY='NCIT:C15697'"
kidney_tx_version,kidney_treatment_status,,descriptive,"Kidney Treatment History - Instrument Version 2.0 Released September 2022
H3ABioNet & H3Africa Phenotype Standards",,,,,,,,,,,,,
