"Variable / Field Name","Form Name","Section Header","Field Type","Field Label","Choices, Calculations, OR Slider Labels","Field Note","Text Validation Type OR Show Slider Number","Text Validation Min","Text Validation Max",Identifier?,"Branching Logic (Show field only if...)","Required Field?","Custom Alignment","Question Number (surveys only)","Matrix Group Name","Matrix Ranking?","Field Annotation"
tb_hist_collectdate,tuberculosis_history,,text,"Collection date for tuberculosis history:",,DD-MM-YYYY,date_dmy,,,,,y,,,,," @ONTOLOGY='NCIT:C81286'"
tb_vaccinated,tuberculosis_history,"<p style=""text-align: left; font-size: 14pt;font-style: Calibri;""><strong>TUBERCULOSIS HISTORY</strong></p>",yesno,"Has the participant ever been vaccinated for TB?",,,,,,,,y,,,,," @ONTOLOGY='VO:0000077'"
tb_contact,tuberculosis_history,,yesno,"Has the participant ever been in contact with someone who was currently diagnosed with TB?",,,,,,,,y,,,,," @ONTOLOGY='NCIT:C102714'"
tb_contact_type,tuberculosis_history,,radio,"(If Yes) Indicate the type of contact:","1, Household | 2, Family/ Partner/ Friend outside the household | 3, Place of work/ study/ prayer/ recreation",,,,,,[tb_contact]='1',y,,,,," @ONTOLOGY='NCIT:C102714'"
tb_contact_when,tuberculosis_history,,radio,"When did the contact occur?","1, Current | 2, Within the last 6 months | 3, Within the last 6-24 months | 4, Beyond the last 24 months",,,,,,[tb_contact]='1',y,,,,," @ONTOLOGY='NCIT:C102714'"
tb_prev_diag,tuberculosis_history,,yesno,"Has the participant previously been diagnosed with TB?",,,,,,,,y,,,,," @ONTOLOGY='OBIB:0000560'"
tb_prev_episodes,tuberculosis_history,,text,"(If Yes) Number of previous TB episodes:",,,integer,,,,[tb_prev_diag]='1',y,,,,," @ONTOLOGY='OBIB:0000560'"
tb_prev_sites,tuberculosis_history,,radio,"(If Yes) Site/s of previous TB episodes:","1, Pulmonary | 2, Extrapulmonary TB | 3, Pulmonary and extrapulmonary TB",,,,,,[tb_prev_diag]='1',y,,,,," @ONTOLOGY='GENEPIO:0001098'"
tb_extrapul_sites,tuberculosis_history,,checkbox,"(If Extrapulmonary) Specify extrapulmonary sites involved:","1, Abdominal | 2, Bone/joint | 3, CNS Tuberculoma/s | 4, Disseminated | 5, Meningitis | 6, Miliary TB | 7, Pericardial effusion | 8, Peripheral nodes | 9, Pleural effusion | 10, Spinal | 777, Other",,,,,,"[tb_prev_sites]='2' or [tb_prev_sites]='3'",y,,,,," @ONTOLOGY='GENEPIO:0001098'"
tb_extrapul_sites_other,tuberculosis_history,,text,"(If Other) Specify extrapulmonary sites:",,,,,,,[tb_extrapul_sites(777)]='1',y,,,,," @ONTOLOGY='GENEPIO:0001098'"
tb_rif_resistant,tuberculosis_history,,yesno,"Were any of these previous episodes rifampicin-resistant TB?",,,,,,,[tb_prev_diag]='1',y,,,,," @ONTOLOGY='MONDO:0100479'"
tb_mdr,tuberculosis_history,,yesno,"Were any of these previous episodes multidrug resistant TB (MDR TB)?
",,,,,,,[tb_prev_diag]='1',y,,,,," @ONTOLOGY='MONDO:0005861'"
tb_xdr,tuberculosis_history,,yesno,"Were any of these previous episodes extensively drug resistant TB (XDR TB)?
",,,,,,,[tb_prev_diag]='1',y,,,,," @ONTOLOGY='MONDO:0100482'"
tb_prevent_rx,tuberculosis_history,,yesno,"Has the participant ever previously taken preventive medication for TB?",,,,,,,,y,,,,," @ONTOLOGY='MAXO:0000228'"
tb_prevent_rxduration,tuberculosis_history,,text,"Duration of preventive medication (In months):",,"Provide number of months.",integer,,,,,y,,,,," @ONTOLOGY='MAXO:0000228'"
tb_rx_latent_infect,tuberculosis_history,,yesno,"Has the participant ever taken medication for a previous latent TB infection (LTBI)?",,,,,,,[tb_prev_diag]='1',y,,,,," @ONTOLOGY='MONDO:0040753'"
tb_rx_ever,tuberculosis_history,,yesno,"Has the participant ever taken medication for a previous active TB infection?",,,,,,,[tb_prev_diag]='1',y,,,,," @ONTOLOGY='MAXO:0000228'"
d_last_tb_meds,tuberculosis_history,,descriptive,"LAST TB EPISODE MEDICATION",,,,,,,"[tb_rx_latent_infect]='1' or [tb_rx_ever]='1'",,,,,,
prev_tb_rx,tuberculosis_history,,radio,"Last TB (latent or active) episode medication:","1, Ethambutol (EMB) | 2, Isoniazid (INH) | 3, Pyrazinamide (PZA) | 4, Rifampin (RIF) | 5, Fluoroquinolone (FQ) | 6, Amikacin (AMK) | 7, Kanamycin (KAN) | 8, Capreomycin (CM) | 9, Fixed combination of INH | 10, Fixed combination of INH, RIF and PZA | 777, Other",,,,,,"[tb_rx_latent_infect]='1' or [tb_rx_ever]='1'",y,,,,," @ONTOLOGY='MAXO:0000228'"
prev_tb_rx_other,tuberculosis_history,,text,"(If Other) Specify other medication for last TB episode:",,,,,,,[prev_tb_rx]='777',y,,,,," @ONTOLOGY='NCIT:C105740'"
prev_tb_rx_completed,tuberculosis_history,,yesno,"Did the participant complete TB medication for the last TB episode?",,,,,,,"[tb_rx_latent_infect]='1' or [tb_rx_ever]='1'",y,,,,," @ONTOLOGY='NCIT:C105740'"
prev_tb_rx_stopdate,tuberculosis_history,,text,"(If Yes) Date TB medication was completed for last TB episode:",,DD-MM-YYYY,date_dmy,,,,[prev_tb_rx_completed]='1',y,,,,," @ONTOLOGY='NCIT:C164472'"
prev_tb,tuberculosis_history,,radio,"Outcome of last TB episode:","1, Defaulted | 2, Medication failed | 3, Recovered",,,,,,"[tb_rx_latent_infect]='1' or [tb_rx_ever]='1'",y,,,,," @ONTOLOGY='NCIT:C18226'"
tb_hist_version,tuberculosis_history,,descriptive,"Tuberculosis History - Instrument Version 2.0 Released September 2022
H3ABioNet & H3Africa Phenotype Standards",,,,,,,,,,,,,
