"Variable / Field Name","Form Name","Section Header","Field Type","Field Label","Choices, Calculations, OR Slider Labels","Field Note","Text Validation Type OR Show Slider Number","Text Validation Min","Text Validation Max",Identifier?,"Branching Logic (Show field only if...)","Required Field?","Custom Alignment","Question Number (surveys only)","Matrix Group Name","Matrix Ranking?","Field Annotation"
drug_collectdate,drug_use_core,"<p style=""text-align: left; font-size: 14pt;font-style: Calibri;""><strong>DRUG USE</strong></p>",text,"Collection date of drug use information:",,DD-MM-YYYY,date_dmy,,,,[agecalc]>=12,y,,,,," @ONTOLOGY='NCIT:C81286'"
clubdrugs,drug_use_core,"Has the participant ever used any of the following substances...",radio,"Club Drugs","1, Yes | 0, No",,,,,,[agecalc]>=12,y,,,substances,," @ONTOLOGY='NCIT:C61081'"
cocaine,drug_use_core,,radio,"Cocaine / Crack Cocaine?","1, Yes | 0, No",,,,,,[agecalc]>=12,y,,,substances,," @ONTOLOGY='NCIT:C80153'"
hallucinog,drug_use_core,,radio,Hallucinogens?,"1, Yes | 0, No",,,,,,[agecalc]>=12,y,,,substances,," @ONTOLOGY='CHEBI:35499'"
heroin,drug_use_core,,radio,Heroin?,"1, Yes | 0, No",,,,,,[agecalc]>=12,y,,,substances,," @ONTOLOGY='CHEBI:27808'"
inhalents,drug_use_core,,radio,"Inhalents / Solvents?","1, Yes | 0, No",,,,,,[agecalc]>=12,y,,,substances,," @ONTOLOGY='NCIT:C45790'"
marijuana,drug_use_core,,radio,Marijuana?,"1, Yes | 0, No",,,,,,[agecalc]>=12,y,,,substances,," @ONTOLOGY='NCIT:C26659'"
painkillers,drug_use_core,,radio,Painkillers?,"1, Yes | 0, No",,,,,,[agecalc]>=12,y,,,substances,," @ONTOLOGY='SCDO:0000050'"
sedatives,drug_use_core,,radio,"Sedatives / Tranqulizers?","1, Yes | 0, No",,,,,,[agecalc]>=12,y,,,substances,," @ONTOLOGY='SCDO:0000598'"
stimulants,drug_use_core,,radio,Stimulants?,"1, Yes | 0, No",,,,,,[agecalc]>=12,y,,,substances,," @ONTOLOGY='NCIT:C47795'"
othersubs,drug_use_core,,radio,"Any other non-prescribed substances?","1, Yes | 0, No",,,,,,[agecalc]>=12,y,,,substances,," @ONTOLOGY='NCIT:C125141'"
clubdrugs_age,drug_use_core,,text,"Club Drugs: Age of First Use?",,"Age in years.",integer,,,,"[clubdrugs] = '1'",y,,,,," @ONTOLOGY='NCIT:C61081'"
clubdrugs_days,drug_use_core,,text,"Club Drugs: Frequency Used in Past 30 Days?",,"Provide number of days used.",integer,0,30,,"[clubdrugs] = '1'",y,,,,," @ONTOLOGY='NCIT:C61081'"
cocaine_age,drug_use_core,,text,"Cocaine / Crack Cocaine: Age of First Use?",,"Age in years.",integer,,,,"[cocaine] = '1'",y,,,,," @ONTOLOGY='NCIT:C80153'"
cocaine_days,drug_use_core,,text,"Cocaine / Crack Cocaine: Frequency Used in Past 30 Days?",,"Provide number of days used.",integer,0,30,,"[cocaine] = '1'",y,,,,," @ONTOLOGY='NCIT:C80153'"
hallucin_age,drug_use_core,,text,"Hallucinogens: Age of First Use?",,"Provide age in years.",integer,,,,"[hallucinog] = '1'",y,,,,," @ONTOLOGY='CHEBI:35499'"
hallucin_days,drug_use_core,,text,"Hallucinogens: Frequency Used in Past 30 Days?",,"Provide number of days used.",integer,0,30,,"[hallucinog] = '1'",y,,,,," @ONTOLOGY='CHEBI:35499'"
heroin_age,drug_use_core,,text,"Heroin: Age of First Use?",,"Provide age in years.",integer,,,,"[heroin] = '1'",y,,,,," @ONTOLOGY='CHEBI:27808'"
heroin_days,drug_use_core,,text,"Heroin: Frequency Used in Past 30 Days?",,"Provide number of days used.",integer,0,30,,"[heroin] = '1'",y,,,,," @ONTOLOGY='CHEBI:27808'"
inhalents_age,drug_use_core,,text,"Inhalents / Solvents: Age of First Use?",,"Provide age in years.",integer,,,,"[inhalents] = '1'",y,,,,," @ONTOLOGY='NCIT:C45790'"
inhalents_days,drug_use_core,,text,"Inhalents / Solvents: Frequency Used in Past 30 Days?",,"Provide number of days used.",integer,0,30,,"[inhalents] = '1'",y,,,,," @ONTOLOGY='NCIT:C45790'"
marij_age,drug_use_core,,text,"Marijuana: Age of First Use?",,"Provide age in years.",integer,,,,"[marijuana] = '1'",y,,,,," @ONTOLOGY='NCIT:C26659'"
marij_days,drug_use_core,,text,"Marijuana: Frequency Used in Past 30 Days?",,"Provide number of days used.",integer,0,30,,"[marijuana] = '1'",y,,,,," @ONTOLOGY='NCIT:C26659'"
pain_age,drug_use_core,,text,"Painkillers: Age of First Use?",,"Provide age in years.",integer,,,,"[painkillers] = '1'",y,,,,," @ONTOLOGY='SCDO:0000050'"
pain_days,drug_use_core,,text,"Painkillers: Frequency Used in Past 30 Days?",,"Provide number of days used.",integer,0,30,,"[painkillers] = '1'",y,,,,," @ONTOLOGY='SCDO:0000050'"
sedatives_age,drug_use_core,,text,"Sedatives: Age of First Use?",,"Provide age in years.",integer,,,,"[sedatives] = '1'",y,,,,," @ONTOLOGY='SCDO:0000598'"
sedatives_days,drug_use_core,,text,"Sedatives: Frequency Used in Past 30 Days?",,"Provide number of days used.",integer,0,30,,"[sedatives] = '1'",y,,,,," @ONTOLOGY='SCDO:0000598'"
stim_age,drug_use_core,,text,"Stimulants: Age of First Use?",,"Provide age in years.",integer,,,,"[stimulants] = '1'",y,,,,," @ONTOLOGY='NCIT:C47795'"
stim_days,drug_use_core,,text,"Stimulants: Frequency Used in Past 30 Days?",,"Provide number of days used.",integer,0,30,,"[stimulants] = '1'",y,,,,," @ONTOLOGY='NCIT:C47795'"
othersubs_specify,drug_use_core,,text,"(If Other) Specify the substances the participant has used in their lifetime:",,,,,,,"[othersubs] = '1'",y,,,,," @ONTOLOGY='NCIT:C125141'"
othersubs_age,drug_use_core,,text,"Other non-prescribed medications or substances: Age of First Use?",,"Provide age in years.",integer,,,,"[othersubs] = '1'",y,,,,," @ONTOLOGY='NCIT:C125141'"
othersubs_days,drug_use_core,,text,"Other non-prescribed medications or substances: Frequency Used in Past 30 Days?",,"Provide number of days used.",integer,0,30,,"[othersubs] = '1'",y,,,,," @ONTOLOGY='NCIT:C125141'"
drug_use_version,drug_use_core,,descriptive,"Drug Use - Core Instrument Version 2.0 Released September 2022
H3ABioNet & H3Africa Phenotype Standards",,,,,,,,,,,,,
