"Variable / Field Name","Form Name","Section Header","Field Type","Field Label","Choices, Calculations, OR Slider Labels","Field Note","Text Validation Type OR Show Slider Number","Text Validation Min","Text Validation Max",Identifier?,"Branching Logic (Show field only if...)","Required Field?","Custom Alignment","Question Number (surveys only)","Matrix Group Name","Matrix Ranking?","Field Annotation"
asthma_collectdate,asthma_core,,text,"Collection date for asthma information:",,DD-MM-YYYY,date_dmy,,,,,y,,,,," @ONTOLOGY='NCIT:C81286'"
asthmatic,asthma_core,"<p style=""text-align: left; font-size: 14pt;font-style: Calibri;""><strong>ASTHMA</strong></p>",yesno,"Has a clinician or a doctor diagnosed the participant as an asthmatic?",,,,,,,,y,,,,," @ONTOLOGY='HP:0002099'"
asthma_tx,asthma_core,,yesno,"(If Yes) Is the participant on any chronic medication for management / treatment of asthma? ",,,,,,,[asthmatic]='1',y,,,,," @ONTOLOGY='MAXO:0000634'"
asthmasymp,asthma_core,,descriptive,"(If No) Does the participant experience any of the following signs and symptoms:",,,,,,,[asthmatic]='0',,,,,,
coughspells,asthma_core,,yesno,"Frequent coughing spells during play, at night or while laughing or crying?",,,,,,,[asthmatic]='0',y,,,,," @ONTOLOGY='HP:0012735'"
chroniccough,asthma_core,,yesno,"A chronic cough in the past 3 months or more? ",,,,,,,[asthmatic]='0',y,,,,," @ONTOLOGY='SYMP:0000686'"
listless,asthma_core,,yesno,"Appear listless / unusually low in energy after physical play? ",,,,,,,[asthmatic]='0',y,,,,," @ONTOLOGY='NCIT:C126920'"
rapidbreath,asthma_core,,yesno,"Rapid breathing sessions from time to time?",,,,,,,[asthmatic]='0',y,,,,," @ONTOLOGY='SYMP:0000683'"
tightchest,asthma_core,,yesno,"Complaining of a tight chest or sore chest?",,,,,,,[asthmatic]='0',y,,,,," @ONTOLOGY='SYMP:0000576'"
diffbreathe,asthma_core,,yesno,"Complain of difficulty breathing OR (if infant) working harder to breathe (nostrils flaring, skin is sucking in around and between ribs or above the sternum, or exaggerated belly movement)?",,,,,,,[asthmatic]='0',y,,,,," @ONTOLOGY='HP:0002094'"
whistlebreath,asthma_core,,yesno,"Making a whistling sound when breathing in or out?",,,,,,,[asthmatic]='0',y,,,,," @ONTOLOGY='HP:0030828'"
difficultfeeding,asthma_core,,yesno,"Difficulty eating OR (if infant) difficult sucking?",,,,,,,[asthmatic]='0',y,,,,," @ONTOLOGY='NCIT:C104326'"
emerdiffbreath,asthma_core,,yesno,"Has the participant ever required emergency medical care or hospitalisation for difficulty breathing?",,,,,,,,y,,,,," @ONTOLOGY='NCIT:C25179'"
asthma_version,asthma_core,,descriptive,"Asthma - Core Instrument Version 2.0 Released September 2022
H3ABioNet & H3Africa Phenotype Standards",,,,,,,,,,,,,
