"Variable / Field Name","Form Name","Section Header","Field Type","Field Label","Choices, Calculations, OR Slider Labels","Field Note","Text Validation Type OR Show Slider Number","Text Validation Min","Text Validation Max",Identifier?,"Branching Logic (Show field only if...)","Required Field?","Custom Alignment","Question Number (surveys only)","Matrix Group Name","Matrix Ranking?","Field Annotation"
tryp_spec_collectdate,trypanosomiasis_sleeping_sickness,,text,"Specimen collection date for trypanosomiasis test:",,DD-MM-YYYY,date_dmy,,,,,y,,,,," @ONTOLOGY='NCIT:C81286'"
test_type,trypanosomiasis_sleeping_sickness,"<p style=""text-align: left; font-size: 14pt;font-style: Calibri;""><strong>TRYPANOSOMIASIS / SLEEPING SICKNESS</strong></p>",radio,"Trypanosomiasis Test Type:","1, Card agglutination test for trypanosomiasis (CATT) | 2, RDT | 3, Lymph Examination | 4, HCT (Woo Test) | 5, PCR | 6, MSC/Double Centrifugation",,,,,,,y,,,,," @ONTOLOGY='NCIT:C173270'"
tryp_test_result,trypanosomiasis_sleeping_sickness,,radio,"Trypanosomiasis Test Result:","1, Positive | 0, Negative",,,,,,,y,,,,," @ONTOLOGY='DOID:10112'"
tryp_test_version,trypanosomiasis_sleeping_sickness,,descriptive,"Trypanosomiasis Testing - Instrument Version 2.0 Released September 2022
H3ABioNet & H3Africa Phenotype Standards",,,,,,,,,,,,,
