"Variable / Field Name","Form Name","Section Header","Field Type","Field Label","Choices, Calculations, OR Slider Labels","Field Note","Text Validation Type OR Show Slider Number","Text Validation Min","Text Validation Max",Identifier?,"Branching Logic (Show field only if...)","Required Field?","Custom Alignment","Question Number (surveys only)","Matrix Group Name","Matrix Ranking?","Field Annotation"
occupational_hist_colldate,occupational_history,,text,"Collection date of occupational history information:",,DD-MM-YYYY,date_dmy,,,,,y,,,,," @ONTOLOGY='NCIT:C81286'"
employment_status,occupational_history,"<p style=""text-align: left; font-size: 14pt;font-style: Calibri;""><strong>OCCUPATIONAL HISTORY</strong></p>",radio,"Participant's employment status?","1, Self-employed | 2, Formal/full-time employment by someone else | 3, Part-time employment by someone else | 4, Informal employment (dependent on availability of work) | 5, Unemployed",,,,,,,y,,,,," @ONTOLOGY='OPMI:0000122'"
employment_industry,occupational_history,,radio,"(If Employed) What kind of industry does the participant work in?	
","1, Agriculture | 2, Chemical | 3, Communications / IT | 4, Financial Services | 5, Healthcare | 6, Infrastructure | 7, Manufacturing | 8, Mining | 9, Public Services | 10, Research & Development | 11, Restaurant / Food | 12, Retail / Wholesale | 13, Textile | 777, Other",,,,,,[employment_status]<>'5',y,,,,," @ONTOLOGY='OMIT:0008348'"
industry_other,occupational_history,,text,"(If Other) Specify work industry:",,,,,,,[employment_industry]='777',y,,,,," @ONTOLOGY='OMIT:0008348'"
employment_ppe,occupational_history,,yesno,"(If Employed) Does the participant ever wear personal protective equipment on the job?	
",,,,,,,,y,,,,," @ONTOLOGY='NCIT:C173748'"
occupation_hist_version,occupational_history,,descriptive,"Occupational History  - Instrument Version 2.0 Released September 2022
H3ABioNet & H3Africa Phenotype Standards",,,,,,,,,,,,,
