"Variable / Field Name","Form Name","Section Header","Field Type","Field Label","Choices, Calculations, OR Slider Labels","Field Note","Text Validation Type OR Show Slider Number","Text Validation Min","Text Validation Max",Identifier?,"Branching Logic (Show field only if...)","Required Field?","Custom Alignment","Question Number (surveys only)","Matrix Group Name","Matrix Ranking?","Field Annotation"
preg_hist_collectdate,pregnancy_history,,text,"Collection date of pregnancy history:",,DD-MM-YYYY,date_dmy,,,,,y,,,,," @ONTOLOGY='NCIT:C81286'"
gravida,pregnancy_history,"<p style=""text-align: left; font-size: 14pt;font-style: Calibri;""><strong>PREGNANCY HISTORY</strong></p>",text,"Gravida (number of total prior pregnancies):",,,integer,0,20,,"[sex]='2' AND [agecalc]>=12",y,,,,," @ONTOLOGY='NCIT:C73435'"
para_gravida,pregnancy_history,,text,"Para gravida (number of total prior pregnancies >20 gestational weeks):",,,integer,0,20,,"[sex]='2' AND [agecalc]>=12",y,,,,,
num_vag_deliveries,pregnancy_history,,text,"Number of total prior vaginal deliveries:",,,integer,0,20,,"[sex]='2' AND [agecalc]>=12 AND [gravida]>0",y,,,,," @ONTOLOGY='ONTONEO:00000181'"
num_caesareans,pregnancy_history,,text,"Number of total prior caesarean deliveries:",,,integer,0,6,,"[sex]='2' AND [agecalc]>=12 AND [gravida]>0",y,,,,," @ONTOLOGY='ONTONEO:00000181'"
currently_breastfeeding,pregnancy_history,,yesno,"Currently breastfeeding?",,,,,,,"[sex]='2' AND [agecalc]>=12 AND [para_gravida]>0",y,,,,," @ONTOLOGY='NCIT:C25596'"
pregnancy_history_version,pregnancy_history,,descriptive,"Pregnancy History - Instrument Version 2.0 Released September 2022
H3ABioNet & H3Africa Phenotype Standards",,,,,,,,,,,,,
