"Variable / Field Name","Form Name","Section Header","Field Type","Field Label","Choices, Calculations, OR Slider Labels","Field Note","Text Validation Type OR Show Slider Number","Text Validation Min","Text Validation Max",Identifier?,"Branching Logic (Show field only if...)","Required Field?","Custom Alignment","Question Number (surveys only)","Matrix Group Name","Matrix Ranking?","Field Annotation"
diabetes_collectdate,diabetes_history_core,,text,"Collection date for diabetes information:",,DD-MM-YYYY,date_dmy,,,,,y,,,,," @ONTOLOGY='NCIT:C81286'"
diabetes,diabetes_history_core,"<p style=""text-align: left; font-size: 14pt;font-style: Calibri;""><strong>DIABETES HISTORY</strong></p>",yesno,"Has a doctor or healthcare worker ever told the participant that he/she has diabetes (sugar in blood)?",,,,,,,,y,,,,," @ONTOLOGY='SCDO:1000343'"
gest_diabetes,diabetes_history_core,,yesno,"(<u>FOR</u> Women, If Yes): Did the doctor diagnose the participant with gestational diabetes (diabetes occurring <u>ONLY</u> during pregnancy)?",,,,,,,"[sex] = '2' and [diabetes] = '1'",y,,,,," @ONTOLOGY='DOID:11714'"
type1_diabetes,diabetes_history_core,,yesno,"(If Yes) Did the doctor diagnose the participant with type 1 diabetes?",,,,,,,"[diabetes] = '1'",y,,,,," @ONTOLOGY='MONDO:0005147'"
type2_diabetes,diabetes_history_core,,yesno,"(If Yes) Did the doctor diagnose the participant with type 2 diabetes?",,,,,,,"[diabetes] = '1'",y,,,,," @ONTOLOGY='MONDO:0005148'"
diabetes_meds,diabetes_history_core,,yesno,"(If Yes) Is the participant currently taking medication for diabetes?",,,,,,,"[diabetes] = '1'",y,,,,," @ONTOLOGY='OPMI:0004499'"
insulin,diabetes_history_core,,yesno,"(If Yes) Is the participant taking insulin?",,,,,,,"[diabetes] = '1'",y,,,,," @ONTOLOGY='MAXO:0000259'"
diab_tx_age,diabetes_history_core,,text,"At what age was the participant's diabetes first treated?",,"Provide age in years.",integer,0,99,,"[diabetes] = '1'",y,,,,," @ONTOLOGY='OPMI:0004501'"
insulin_first,diabetes_history_core,,yesno," Was insulin the participant's first diabetes medicine? ",,,,,,,"[diabetes] = '1'",y,,,,," @ONTOLOGY='MAXO:0000259'"
diabetes_fam,diabetes_history_core,,yesno,"Has anyone in the participant's family been diagnosed with diabetes (any type)?",,,,,,,,y,,,,," @ONTOLOGY='GECKO:0000132'"
diabetes_history_core_inst,diabetes_history_core,,descriptive,"Diabetes History - Core Instrument Version 2.0 Released September 2022
H3ABioNet & H3Africa Phenotype Standards",,,,,,,,,,,,,
