"Variable / Field Name","Form Name","Section Header","Field Type","Field Label","Choices, Calculations, OR Slider Labels","Field Note","Text Validation Type OR Show Slider Number","Text Validation Min","Text Validation Max",Identifier?,"Branching Logic (Show field only if...)","Required Field?","Custom Alignment","Question Number (surveys only)","Matrix Group Name","Matrix Ranking?","Field Annotation"
cancer_rel_collectdate,cancer_family_history_prognosis,,text,"Collection date for cancer relative's history information:",,DD-MM-YYYY,date_dmy,,,,,y,,,,," @ONTOLOGY='NCIT:C81286'"
cancer_rel_bio_sex,cancer_family_history_prognosis,"<p style=""text-align: left; font-size: 14pt;font-style: Calibri;""><strong>CANCER FAMILY HISTORY - PROGNOSIS</strong></p>",radio,"What is/was the relative's biological sex?
","1, Male | 2, Female | 3, Other",,,,,,,y,,,,," @ONTOLOGY='EFO:0009640'"
cancer_rel_alive,cancer_family_history_prognosis,,yesno,"Is the relative alive?
",,,,,,,,y,,,,," @ONTOLOGY='EFO:0009640'"
cancer_rel_age,cancer_family_history_prognosis,,radio,"What is the relative's current age or age at death?
","1, < 40 | 2, 40 - 50 | 3, 51 - 64 | 4, 65+",,,,,,,y,,,,," @ONTOLOGY='EFO:0009640'"
cancer_rel_diag,cancer_family_history_prognosis,,checkbox,"Specify the relative's first cancer diagnosis:","1, Bone | 2, Brain | 3, Breast | 4, Cervix | 5, Colon/Rectum | 6, Endometrium | 7, Lung | 8, Lymphatic System | 9, Ovary | 10, Pancreas | 11, Prostate | 12, Skin | 13, Thyroid | 777, Other",,,,,,,y,,,,," @ONTOLOGY='EFO:0009640'"
cancer_rel_diag_other,cancer_family_history_prognosis,,text,"(If Other) Specify the relative's first cancer diagnosis:",,,,,,,[cancer_rel_diag(777)]='1',y,,,,," @ONTOLOGY='EFO:0009640'"
cancer_rel_diag_age,cancer_family_history_prognosis,,radio,"What was their age at first cancer diagnosis?
","1, < 40 | 2, 40 - 50 | 3, 51 - 64 | 4, 65+",,,,,,,y,,,,," @ONTOLOGY='EFO:0009640'"
cancer_rel_2,cancer_family_history_prognosis,,yesno,"Did the relative have a subsequent cancer event (excluding recurrence)?
",,,,,,,,y,,,,," @ONTOLOGY='EFO:0009640'"
cancer_rel_2diag,cancer_family_history_prognosis,,checkbox,"(If YES) What was their subsequent cancer diagnosis?
","1, Bone | 2, Brain | 3, Breast | 4, Cervix | 5, Colon/Rectum | 6, Endometrium | 7, Lung | 8, Lymphatic System | 9, Ovary | 10, Pancreas | 11, Prostate | 12, Skin | 13, Thyroid | 777, Other",,,,,,,y,,,,," @ONTOLOGY='EFO:0009640'"
cancer_rel_2nddiag_other,cancer_family_history_prognosis,,text,"(If Other) Specify the relative's subsequent diagnosis:",,,,,,,"[cancer_rel_2diag(777)] = '1'",y,,,,," @ONTOLOGY='EFO:0009640'"
cancer_rel_version,cancer_family_history_prognosis,,descriptive,"Cancer Family History - Prognosis Instrument Version 2.0 Released September 2022
H3ABioNet & H3Africa Phenotype Standards",,,,,,,,,,,,,
