"Variable / Field Name","Form Name","Section Header","Field Type","Field Label","Choices, Calculations, OR Slider Labels","Field Note","Text Validation Type OR Show Slider Number","Text Validation Min","Text Validation Max",Identifier?,"Branching Logic (Show field only if...)","Required Field?","Custom Alignment","Question Number (surveys only)","Matrix Group Name","Matrix Ranking?","Field Annotation"
diet_collectdate,diet,,text,"Collection date of diet information:",,DD-MM-YYYY,date_dmy,,,,,y,,,,," @ONTOLOGY='NCIT:C81286'"
desc_diet,diet,"<p style=""text-align: left; font-size: 14pt;font-style: Calibri;""><strong>DIET</strong></p>",descriptive,"<div class=""rich-text-field-label""><p><em>During the past month...</em></p></div>",,,,,,,,,,,,,
cereal_freq,diet,,radio,"<div class=""rich-text-field-label""><p>How often did the participant eat hot or cold cereals?</p></div>","1, Usually (>4 days a week) | 2, Sometimes (1-4 days a week) | 3, Rarely (< 3 days a month) | 4, Never",,,,,,,y,,,,," @ONTOLOGY='ONS:0000033'"
dairymilk_freq,diet,,radio,"How often did the participant have dairy milk to drink / in cereal? 
(Excluding cream, soy milk or small amounts of milk in coffee or tea. Including buttermilk, fermented milk and flavoured-milks)	","1, Usually (>4 days a week) | 2, Sometimes (1-4 days a week) | 3, Rarely (< 3 days a month) | 4, Never",,,,,,,y,,,,," @ONTOLOGY='ONS:0000033'"
fruit_juice_freq,diet,,radio,"How often did the participant drink 100% pure fruit juice? 
(Excluding fruit-flavoured drinks with added sugar) 	","1, Usually (>4 days a week) | 2, Sometimes (1-4 days a week) | 3, Rarely (< 3 days a month) | 4, Never",,,,,,,y,,,,," @ONTOLOGY='ONS:0000033'"
energy_drinks_freq,diet,,radio,"How often did the participant drink sweetened fruit drinks, sports or energy drinks?	","1, Usually (>4 days a week) | 2, Sometimes (1-4 days a week) | 3, Rarely (< 3 days a month) | 4, Never",,,,,,,y,,,,," @ONTOLOGY='ONS:0000033'"
fruit_freq,diet,,radio,"How often did the participant eat fruit? 
(Including fresh, frozen, dried or canned fruit)	","1, Usually (>4 days a week) | 2, Sometimes (1-4 days a week) | 3, Rarely (< 3 days a month) | 4, Never",,,,,,,y,,,,," @ONTOLOGY='ONS:0000033'"
greenleafy_freq,diet,,radio,"How often did the participant eat green leafy salads or vegetables?	","1, Usually (>4 days a week) | 2, Sometimes (1-4 days a week) | 3, Rarely (< 3 days a month) | 4, Never",,,,,,,y,,,,," @ONTOLOGY='ONS:0000033'"
friedpotatoes_freq,diet,,radio,"How often did the participant eat fried potatoes?
(Including french fries, home fries, or hash brown potatoes)	","1, Usually (>4 days a week) | 2, Sometimes (1-4 days a week) | 3, Rarely (< 3 days a month) | 4, Never",,,,,,,y,,,,," @ONTOLOGY='ONS:0000033'"
unfried_potatoes_freq,diet,,radio,"How often did the participant eat baked, boiled, mashed potatoes, sweet potatoes, or potato salad?
(Excluding fried potatoes)","1, Usually (>4 days a week) | 2, Sometimes (1-4 days a week) | 3, Rarely (< 3 days a month) | 4, Never",,,,,,,y,,,,," @ONTOLOGY='ONS:0000033'"
beans_freq,diet,,radio,"How often did the participant eat beans?","1, Usually (>4 days a week) | 2, Sometimes (1-4 days a week) | 3, Rarely (< 3 days a month) | 4, Never",,,,,,,y,,,,," @ONTOLOGY='ONS:0000033'"
otherveg_freq,diet,,radio,"How often did the participant eat other vegetables (not previously mentioned)?
(Examples; carrots, corn, beetroot)	","1, Usually (>4 days a week) | 2, Sometimes (1-4 days a week) | 3, Rarely (< 3 days a month) | 4, Never",,,,,,,y,,,,," @ONTOLOGY='ONS:0000033'"
cheese_freq,diet,,radio,"How often did the participant eat any kind of cheese? ","1, Usually (>4 days a week) | 2, Sometimes (1-4 days a week) | 3, Rarely (< 3 days a month) | 4, Never",,,,,,,y,,,,," @ONTOLOGY='ONS:0000033'"
wholegrain_bread_freq,diet,,radio,"How often did the participant eat whole grain bread? 
(Whole grain breads include whole wheat, rye, oatmeal and pumpernickel. Excluding white bread)","1, Usually (>4 days a week) | 2, Sometimes (1-4 days a week) | 3, Rarely (< 3 days a month) | 4, Never",,,,,,,y,,,,," @ONTOLOGY='ONS:0000033'"
whitebread_freq,diet,,radio,"How often did the participant eat white bread? 	","1, Usually (>4 days a week) | 2, Sometimes (1-4 days a week) | 3, Rarely (< 3 days a month) | 4, Never",,,,,,,y,,,,," @ONTOLOGY='ONS:0000033'"
grains_freq,diet,,radio,"How often did the participant eat brown rice or other cooked whole grains, such as bulgur, cracked wheat, or millet? (Excluding white rice)","1, Usually (>4 days a week) | 2, Sometimes (1-4 days a week) | 3, Rarely (< 3 days a month) | 4, Never",,,,,,,y,,,,," @ONTOLOGY='ONS:0000033'"
white_rice_freq,diet,,radio,"How often did the participant eat white rice?	","1, Usually (>4 days a week) | 2, Sometimes (1-4 days a week) | 3, Rarely (< 3 days a month) | 4, Never",,,,,,,y,,,,," @ONTOLOGY='ONS:0000033'"
pasta_freq,diet,,radio,"How often did the participant eat pasta dishes, such as spaghetti, macaroni or noodles?	","1, Usually (>4 days a week) | 2, Sometimes (1-4 days a week) | 3, Rarely (< 3 days a month) | 4, Never",,,,,,,y,,,,," @ONTOLOGY='ONS:0000033'"
red_meat_freq,diet,,radio,"How often did the participant eat red meat, such as beef, pork, goat, mutton, venison? 
(Excluding chicken, turkey or seafood) 	","1, Usually (>4 days a week) | 2, Sometimes (1-4 days a week) | 3, Rarely (< 3 days a month) | 4, Never",,,,,,,y,,,,," @ONTOLOGY='ONS:0000033'"
processed_meat,diet,,radio,"How often did the participant eat processed meat, such as bacon, lunch meats, polony or hot dogs?	","1, Usually (>4 days a week) | 2, Sometimes (1-4 days a week) | 3, Rarely (< 3 days a month) | 4, Never",,,,,,,y,,,,," @ONTOLOGY='ONS:0000033'"
poultry_freq,diet,,radio,"How often did the participant eat chicken or other poultry?	","1, Usually (>4 days a week) | 2, Sometimes (1-4 days a week) | 3, Rarely (< 3 days a month) | 4, Never",,,,,,,y,,,,," @ONTOLOGY='ONS:0000033'"
seafood_freq,diet,,radio,"How often did the participant eat seafood?
(Including freshwater fish and crabs)","1, Usually (>4 days a week) | 2, Sometimes (1-4 days a week) | 3, Rarely (< 3 days a month) | 4, Never",,,,,,,y,,,,," @ONTOLOGY='ONS:0000033'"
spicy_freq,diet,,radio,"How often did the participant eat spicy food, containing peppers or spicy seasoning, such as Mexican and Indian cuisine? 
","1, Usually (>4 days a week) | 2, Sometimes (1-4 days a week) | 3, Rarely (< 3 days a month) | 4, Never",,,,,,,y,,,,," @ONTOLOGY='ONS:0000033'"
highsodium_foods_freq,diet,,radio,"How often did the participant eat food high in sodium such as canned food, condiments, pickles, or restaurant-type food?	","1, Usually (>4 days a week) | 2, Sometimes (1-4 days a week) | 3, Rarely (< 3 days a month) | 4, Never",,,,,,,y,,,,," @ONTOLOGY='ONS:0000033'"
takeaways_freq,diet,,radio,"How often does the participant buy from a *vendor or take-away or restaurant?	","1, Usually (>4 days a week) | 2, Sometimes (1-4 days a week) | 3, Rarely (< 3 days a month) | 4, Never",,,,,,,y,,,,," @ONTOLOGY='ONS:0000033'"
hh_oil_fat_used,diet,,radio,"What type of oil or fat is most often used for food preparation in the participant's household? 	
","1, Vegetable oil | 2, Animal fat | 3, Butter or ghee | 4, Margarine | 5, Any of the above | 6, None used",,,,,,,y,,,,," @NONEOFTHEABOVE='5,6' @ONTOLOGY='ONS:0000033'"
desc_advised,diet,,descriptive,"<div class=""rich-text-field-label""><p><em>Has a doctor, nurse, or other healthcare worker ever advised the participant to...</em></p></div>",,,,,,,,,,,,,
advised_change_diet,diet,,yesno,"Change their diet?	",,,,,,,,y,,,,,
advised_lose_weight,diet,,yesno,"Lose weight?	
",,,,,,,,y,,,,,
diet_version,diet,,descriptive,"Diet - Instrument Version 2.0 Released September 2022
H3ABioNet & H3Africa Phenotype Standards",,,,,,,,,,,,,
