"Variable / Field Name","Form Name","Section Header","Field Type","Field Label","Choices, Calculations, OR Slider Labels","Field Note","Text Validation Type OR Show Slider Number","Text Validation Min","Text Validation Max",Identifier?,"Branching Logic (Show field only if...)","Required Field?","Custom Alignment","Question Number (surveys only)","Matrix Group Name","Matrix Ranking?","Field Annotation"
cancerfam_collectdate,cancer_family_history,,text,"Collection date for cancer family history information:",,DD-MM-YYYY,date_dmy,,,,,y,,,,," @ONTOLOGY='NCIT:C81286'"
cancer_nucmem,cancer_family_history,"<p style=""text-align: left; font-size: 14pt;font-style: Calibri;""><strong>CANCER FAMILY HISTORY - OVERVIEW</strong></p>",text,"How many nuclear family members have had cancer?	",,,integer,,,,,y,,,,," @ONTOLOGY='EFO:0009640'"
cancer_extmems,cancer_family_history,,text,"How many extended family members have had cancer?	",,,integer,,,,,y,,,,," @ONTOLOGY='EFO:0009640'"
cancerfam_version,cancer_family_history,,descriptive,"Cancer Family History - Overview Instrument Version 2.0 Released September 2022
H3ABioNet & H3Africa Phenotype Standards",,,,,,,,,,,,,
