"Variable / Field Name","Form Name","Section Header","Field Type","Field Label","Choices, Calculations, OR Slider Labels","Field Note","Text Validation Type OR Show Slider Number","Text Validation Min","Text Validation Max",Identifier?,"Branching Logic (Show field only if...)","Required Field?","Custom Alignment","Question Number (surveys only)","Matrix Group Name","Matrix Ranking?","Field Annotation"
stroke_collectdate,stroke_characterisation,,text,"Collection date of stroke characterisation information:",,DD-MM-YYYY,date_dmy,,,,,y,,,,," @ONTOLOGY='NCIT:C81286'"
stroke_patient,stroke_characterisation,"<p style=""text-align: left; font-size: 14pt;font-style: Calibri;""><strong>STROKE CHARACTERISATION</strong></p>",yesno,"Is the participant currently a stroke patient?	",,,,,,,[stroke]='1',y,,,,," @ONTOLOGY='HP:0001297'"
body_side,stroke_characterisation,,radio,"(If Yes) Which side of the participant's body is affected?	","1, Right | 2, Left | 3, Both",,,,,,[stroke_patient]='1',y,,,,," @ONTOLOGY='NCIT:C119579'"
disability_status,stroke_characterisation,,radio,"(If Yes) What was the participant's disability status after the most recent stroke? ","1, No disability | 2, No significant disability | 3, Slight disability | 4, Moderate disability | 5, Moderately severe disability | 6, Severe disability",,,,,,[stroke_patient]='1',y,,,,," @ONTOLOGY='OMIT:0005448'"
stroke_verification,stroke_characterisation,,checkbox,"How was the stroke verified?	","1, CT | 2, MRI | 3, Angiography | 4, Not verified",,,,,,[stroke_patient]='1',y,,,,," @NONEOFTHEABOVE=4 @ONTOLOGY='NCIT:C119579'"
first_scan,stroke_characterisation,,radio,"When was the first scan taken after onset of stroke symptoms:","1, within 24hrs | 2, 24 - 48hrs | 3, 48 - 72hrs | 4, 72hrs - 1wk | 5, 1wk - 2wks | 6, after 2wks",,,,,,"[stroke_patient]='1' and [stroke_verification(4)]<>'1'",y,,,,," @ONTOLOGY='NCIT:C119579'"
recent_tia,stroke_characterisation,,radio,"Was the most recent stroke episode a transient ischemic attack?	","1, Yes | 0, No | 2, Not Assessed",,,,,,[stroke_patient]='1',y,,,,," @ONTOLOGY='HP:0002326'"
facial_weakness,stroke_characterisation,,radio,"Facial weakness detected/observed:	","1, Yes | 0, No | 2, Not Assessed",,,,,,[stroke_patient]='1',y,,,,," @ONTOLOGY='SYMP:0000706'"
stroke_type,stroke_characterisation,,radio,"Stroke Type:	","1, Ischemic | 2, Hemorrhagic | 3, Ischemic with hemorrhagic transformation | 4, Both discrete ischemic and hemorrhagic transformation",,,,,,"[recent_tia]='0' or [recent_tia]='2'",y,,,,," @ONTOLOGY='NCIT:C119579'"
location_of_lesion,stroke_characterisation,,text,"Location of Lesion:	",,,,,,,[stroke_patient]='1',y,,,,," @ONTOLOGY='NCIT:C166232'"
oscp_classification,stroke_characterisation,,radio,"Oxfordshire Community Stroke Project (OSCP) Classification:","1, Lacunar infarct (LACI) | 2, Partial anterior circulation infarct (PACI) | 3, Posterior circulation infarct (POCI) | 4, Total anterior circulation infarct (TACI)",,,,,,[stroke_patient]='1',y,,,,," @ONTOLOGY='NCIT:C119579'"
ascod_classification,stroke_characterisation,,descriptive,"ASCOD Classification:",,,,,,,[stroke_patient]='1',,,,,,
ascod_arterio,stroke_characterisation,,radio,Arteriolosclerosis,"0, 0 - No disease | 1, 1 - Likely causal | 2, 2 - Uncertain if causal | 3, 3 - Unlikely causal | 9, 9 - Incomplete workup",,,,,,[stroke_patient]='1',y,,,ascod,," @ONTOLOGY='DOID:5162'"
ascod_smallvesseldis,stroke_characterisation,,radio,"Small vessel disease","0, 0 - No disease | 1, 1 - Likely causal | 2, 2 - Uncertain if causal | 3, 3 - Unlikely causal | 9, 9 - Incomplete workup",,,,,,[stroke_patient]='1',y,,,ascod,," @ONTOLOGY='DOID:0112313'"
ascod_cardioemb,stroke_characterisation,,radio,Cardioembolism,"0, 0 - No disease | 1, 1 - Likely causal | 2, 2 - Uncertain if causal | 3, 3 - Unlikely causal | 9, 9 - Incomplete workup",,,,,,[stroke_patient]='1',y,,,ascod,," @ONTOLOGY='EFO:1001493'"
ascod_other_cause,stroke_characterisation,,radio,"Other cause","0, 0 - No disease | 1, 1 - Likely causal | 2, 2 - Uncertain if causal | 3, 3 - Unlikely causal | 9, 9 - Incomplete workup",,,,,,[stroke_patient]='1',y,,,ascod,," @ONTOLOGY='NCIT:C166263'"
ascod_dissect,stroke_characterisation,,radio,Dissection,"0, 0 - No disease | 1, 1 - Likely causal | 2, 2 - Uncertain if causal | 3, 3 - Unlikely causal | 9, 9 - Incomplete workup",,,,,,[stroke_patient]='1',y,,,ascod,," @ONTOLOGY='NCIT:C139039'"
other_causes_specify,stroke_characterisation,,text,"Specify other cause:",,,,,,,"[ascod_other_cause]='1' or [ascod_other_cause]='2' or [ascod_other_cause]='3'",y,,,,," @ONTOLOGY='NCIT:C166263'"
stroke_char_version,stroke_characterisation,,descriptive,"Stroke Characterisation - Instrument Version 2.0 Released September 2022
H3ABioNet & H3Africa Phenotype Standards",,,,,,,,,,,,,
